kasallik_id,kasallik_kodi,o'simlik_turi,nomi,ilmiy_nomi,jiddiylik,tavsif,belgilari,davolash,o'g'itlar,oldini_olish
1,pomidor_barg_dog,pomidor,"Pomidor bargi dog' kasalligi","Septoria lycopersici","O'rta","Bu kasallik pomidor o'simliklarining barglarida qoramtir-qo'ng'ir doglarni hosil qiladi. Kasallik barglarning pastki qismidan boshlanib, asta-sekin yuqori qismiga tarqaladi.","Barglarda kichik (2-3 mm) dumaloq qoramtir-qo'ng'ir dog'lar paydo bo'ladi. Dog'larning markazi kulrang, chekkasi esa to'q rangda bo'ladi. Zararlangan barglar sarg'ayib, qurib qoladi.","1. Kasallangan barglarni darhol olib tashlang. 2. Mis tarkibli fungitsidlar bilan ishlov bering (Bordeaux suyuqligi). 3. Sug'orishni kamaytirib, barglarni ho'llamaslikka harakat qiling.","Kalsiy nitrat,Superfosfat,Kaliy sulfat","Ekin aylantirishni qo'llang, pomidorlarni har yili bir joyda ekmang. Tomchilatib sug'orish usulidan foydalaning."
2,pomidor_fitoftoroz,pomidor,"Pomidor fitoftorozi","Phytophthora infestans","Juda jiddiy","Fitoftoroz - pomidor va kartoshkaning eng xavfli kasalliklaridan biri. Bu kasallik namlik yuqori bo'lganda tez tarqaladi va butun hosilni yo'q qilishi mumkin.","Barglarda to'q-yashil yoki qo'ng'ir dog'lar paydo bo'ladi. Nam ob-havoda bargning pastki qismida oq mog'or paydo bo'ladi. Poyalar qorayib, mevalar qattiq qo'ng'ir dog'lar bilan qoplanadi.","1. Zararlangan barglarni kesib tashlang. 2. Mis tarkibli fungitsidlar (Bordeaux suyuqligi, mis oksixlorid) bilan ishlov bering. 3. Yomg'irdan keyin darhol ishlov bering.","Kaliy fosfit,Mis oksixlorid,Bor preparati","Kasallikka chidamli navlarni tanlang. Pomidor va kartoshkani bir-biriga yaqin joylashtirmang. Barglarni ho'llamasdan, ildiz atrofidan sug'oring."
3,pomidor_fuzarioz,pomidor,"Pomidor fuzariozi","Fusarium oxysporum","Jiddiy","Fuzarioz - tuproqda yashovchi zamburug' qo'zg'atadigan kasallik. U pomidor o'simligining tomirlariga kirib, suv va ozuqa moddalar o'tishini to'sib qo'yadi.","Pastki barglarning sarg'ayishi va so'lishi. O'simlik bir tomonga egilib qolishi. Poyaning ichki qismida jigarrang chiziqlar paydo bo'lishi. O'simlik sekin-asta qurib qoladi.","1. Zararlangan o'simliklarni butunlay yo'q qiling. 2. Trichoderma tarkibli biologik preparatlar qo'llang. 3. Tuproqni dezinfeksiya qiling (formalin, qaynoq suv).","Trichoderma preparati,Kompost choy,Mikroelementlar kompleksi","Kasallikka chidamli navlarni tanlang. Ekin aylantirishni qo'llang. Pomidorni har yili bir joyda ekmang. Tuproqni quyosh bilan zararsizlantiring."
4,pomidor_bakterioz,pomidor,"Pomidor bakterial dog'lanishi","Xanthomonas campestris","Jiddiy","Bakterial dog'lanish - bakteriyalar qo'zg'atadigan kasallik bo'lib, barglarda, poyalarda va mevalarda dog'lar paydo qiladi. Kasallik nam ob-havoda tez tarqaladi.","Barglarda kichik, qoramtir-yashil, suvga to'yingan dog'lar. Keyinchalik dog'lar quriydi va qo'ng'ir tus oladi. Mevalarda qora, qattiq dog'lar paydo bo'ladi.","1. Zararlangan qismlarni kesib tashlang. 2. Mis tarkibli preparatlar bilan ishlov bering. 3. Antibakterial preparatlar qo'llang. 4. Barglarni ho'llamasdan, ildiz atrofidan sug'oring.","Mis sulfat,Streptomitsin,Aminokislotali o'g'itlar","Kasallikka chidamli navlarni tanlang. Pomidor va boshqa ituzumdoshlar orasidagi masofani ko'paytiring. O'simliklarni ertalab sug'oring."
5,bodring_un_shudring,bodring,"Bodring un-shudring kasalligi","Podosphaera xanthii","Jiddiy","Un-shudring - zamburug' qo'zg'atadigan kasallik bo'lib, bodring barglarida oq kukun kabi qoplam hosil qiladi. Kasallik issiq va quruq ob-havoda tez tarqaladi.","Barglarda oq kukun kabi qoplam paydo bo'ladi, keyinchalik barglar sarg'ayib qurib qoladi. Qoplam asta-sekin bargning butun yuzasini egallaydi va o'simlikning poyalari, gullariga ham o'tadi.","1. Biostimulyatorlar bilan ishlov bering. 2. Maxsus fungitsidlar (oltingugurt preparatlari) qo'llang. 3. Zararlangan qismlarni kesib tashlang.","Biostimulyatorlar,Kaliy sulfat,Magniy sulfat","Namlini nazorat qiling, o'simliklarni ertalab sug'oring. Kasallikka chidamli navlarni ekishga harakat qiling. Ekin almashtirishni qo'llang."
6,bodring_fuzarioz,bodring,"Bodring fuzariozi","Fusarium oxysporum f.sp. cucumerinum","Jiddiy","Fuzarioz - tuproqda yashaydigan zamburug' qo'zg'atadigan kasallik. Bu kasallik o'simlik tomirlari orqali kirib, ozuqa moddalar va suv o'tishini to'sib qo'yadi.","O'simlik so'lib qoladi, ayniqsa issiq kunlarda. Barglar sarg'ayadi va qurib qoladi. Poyaning pastki qismida qo'ng'ir dog'lar paydo bo'ladi. O'simlik qurib qoladi.","1. Kasallangan o'simliklarni yo'q qiling. 2. Trichoderma tarkibli biologik preparatlar qo'llang. 3. Tuproqni dezinfeksiya qiling.","Trichoderma preparati,Humat preparatlari,Mikroelementlar kompleksi","Kasallikka chidamli navlarni tanlang. Ekin aylantirishni qo'llang. Bodringni har yili bir joyda ekmang. Tuproqni quyosh bilan zararsizlantiring."
7,bodring_peronosporoz,bodring,"Bodring soxta un-shudringi (peronosporoz)","Pseudoperonospora cubensis","Juda jiddiy","Soxta un-shudring - zamburug' qo'zg'atadigan kasallik bo'lib, namlik yuqori bo'lganda tez tarqaladi. Kasallik barglarning pastki qismida tarqalib, butun o'simlikka zarar yetkazadi.","Barglarda burchakli sariq-yashil dog'lar paydo bo'ladi. Dog'lar qo'ng'ir tus oladi. Barglarning pastki qismida kulrang-binafsha mog'or hosil bo'ladi. Barglar qurib qoladi.","1. Zararlangan qismlarni kesib tashlang. 2. Mis tarkibli fungitsidlar bilan ishlov bering. 3. Fungitsidlarni almashtirgan holda qo'llang.","Mis oksixlorid,Kaliy fosfit,Organik o'g'itlar","Kasallikka chidamli navlarni tanlang. O'simliklarni pishiq qilish maqsadida kaliyli o'g'itlar qo'llang. Havo aylanishini ta'minlang."
8,bodring_bakterioz,bodring,"Bodring angular bakterial dog'lanishi","Pseudomonas syringae pv. lachrymans","O'rta","Angular bakterial dog'lanish - bakteriyalar qo'zg'atadigan kasallik bo'lib, barglarda burchakli dog'lar hosil qiladi. Kasallik yuqori namlikda tez tarqaladi.","Barglarda burchakli, suvga to'yingan dog'lar paydo bo'ladi. Dog'lar tomirlar bilan chegaralangan. Quriganda, dog'lar ochiq jigarrang tus oladi va barglar teshiladi.","1. Zararlangan qismlarni kesib tashlang. 2. Mis tarkibli preparatlar bilan ishlov bering. 3. Streptomitsin tarkibli preparatlar qo'llang.","Mis oksixlorid,Streptomitsin,Aminokislotali o'g'itlar","Kasallikka chidamli navlarni tanlang. Tomchilatib sug'orish usulidan foydalaning. O'simliklarni tegishli oraliqda ekib, havo aylanishini ta'minlang."
9,olma_qora_chirish,olma,"Olmali qora chirish","Botryosphaeria obtusa","Jiddiy","Qora chirish olma daraxtlarining eng xavfli kasalliklaridan biri hisoblanadi. Kasallik daraxtning barcha qismlariga ta'sir qilishi mumkin, lekin asosan mevalarda ko'rinadi.","Mevalarda qora, qattiq dog'lar paydo bo'ladi, keyinchalik bu dog'lar kattalashib mevaning katta qismini qamrab oladi. Zararlangan mevalar qorayib, qurib, daraxtda osilib qoladi.","1. Zararlangan mevalarni olib tashlang. 2. Bog'ni sanitariya qiling. 3. Mis tarkibli preparatlar bilan ishlov bering. 4. Kuz va bahor oylarida profilaktik ishlov bering.","Aminokislotali o'g'itlar,Mis kuporosi,Biologik fungitsidlar","Kuzda barcha tushgan barglarni yig'ib oling, daraxtlarni butang. Daraxtlarni o'z vaqtida kesib turing. Kasallikka chidamli navlarni tanlang."
10,olma_parsha,olma,"Olma parshasi","Venturia inaequalis","Jiddiy","Parsha - zamburug' qo'zg'atadigan kasallik bo'lib, olma barglarini, mevalarini va yosh novdalarini zararlaydi. Bahor va yoz boshida namlik yuqori bo'lganda tez tarqaladi.","Barglarda va mevalarda yashil-qo'ng'ir, keyinchalik qoramtir dog'lar paydo bo'ladi. Zararlangan joylar qo'pol, yorilgan ko'rinishga ega bo'ladi. Mevalar shakli buziladi.","1. Fungitsidlar bilan bahor va yoz boshida muntazam ishlov bering. 2. Daraxtlarni butash orqali havo aylanishini ta'minlang. 3. Zararlangan qismlarni kesib tashlang.","Mis oksixlorid,Triazol fungitsidlar,Kaliy fosfat","Kuzda tushgan barglarni yig'ib oling. Daraxtlarni to'g'ri butang. Kasallikka chidamli navlarni tanlang. O'z vaqtida profilaktik ishlov bering."
11,olma_un_shudring,olma,"Olma un-shudringi","Podosphaera leucotricha","O'rta","Un-shudring - zamburug' qo'zg'atadigan kasallik bo'lib, olma daraxtlarining barglarini, yosh novdalarini va gullarini zararlaydi. Kasallik issiq, namlik o'rtacha bo'lgan sharoitda rivojlanadi.","Barglarda, novdalarda va yosh mevalarda oq kukun kabi qoplam paydo bo'ladi. Zararlangan barglar buraladi, quriydi. Yosh novdalar o'sishdan to'xtaydi.","1. Fungitsidlar bilan bahor boshida ishlov bering. 2. Zararlangan novdalarni kesib tashlang. 3. Oltingugurt tarkibli preparatlar qo'llang.","Oltingugurt preparatlari,Kaliy sulfat,Bor preparati","Daraxtlarni to'g'ri butang. Kasallikka chidamli navlarni tanlang. Bahorda daraxtlar kurtak chiqarishidan oldin profilaktik ishlov bering."
12,olma_bakterial_kuyish,olma,"Olma bakterial kuyishi","Erwinia amylovora","Juda jiddiy","Bakterial kuyish - bakteriyalar qo'zg'atadigan xavfli kasallik. U gullar, barglar, novdalar va mevalarga ta'sir qiladi. Kasallik gullar orqali kiradi va novdalar bo'ylab tarqaladi.","Gullar va barglar qorayib, kuyganday ko'rinadi. Novdalar qorayib, uchi bukiladi ('cho'pon tayog'i' effekti). Mevalarda qora dog'lar paydo bo'lib, qurib qoladi.","1. Zararlangan qismlarni kesib tashlang, kesish joyini dezinfeksiya qiling. 2. Mis tarkibli preparatlar bilan ishlov bering. 3. Streptomitsin tarkibli antibiotiklar qo'llang.","Mis oksixlorid,Streptomitsin,Kalsiy preparatlari","Kasallikka chidamli navlarni tanlang. Gullash davrida profilaktik ishlov bering. Bog'ni muntazam kuzatib, zararlangan qismlarni darhol olib tashlang."
13,olma_mevaxo'r,olma,"Olma mevaxo'ri","Cydia pomonella","Jiddiy","Mevaxo'r - hasharot zararkunandasi, uning qurti olmaning ichiga kirib, uni zararlaydi. Har yili 2-3 avlod berishi mumkin.","Mevalarda kirishga mo'ljallangan teshik. Meva ichida qizg'ish-jigarrang qurt. Meva ichida jigarrang ipsimon chiqindilar. Mevalarning vaqtidan oldin to'kilishi.","1. Insektitsidlar bilan o'z vaqtida ishlov bering. 2. Feromon tutqichlar o'rnating. 3. Biologik kurash vositalari (Bacillus thuringiensis) qo'llang.","Organik o'g'itlar,Aminokislotali o'g'itlar,Kaliy sulfat","Daraxtlar atrofini tozalab turing. Tushgan mevalarni yig'ib oling. Kapalak paydo bo'lish vaqtida profilaktik ishlov bering. Qushlarni jalb qiling."
14,olma_qizil_o'rgimchakkana,olma,"Olma qizil o'rgimchakkanasi","Panonychus ulmi","O'rta","Qizil o'rgimchakkana - mayda zararkunanda, barglarning shirasi bilan oziqlanadi. Issiq va quruq ob-havoda tez ko'payadi.","Barglar kulrang-kumush rangga kiradi. Barglarning pastki tomonida mayda qizil kanalar va ularning tuxumlari. Barglar qurib, erta to'kiladi.","1. Akaritsidlar bilan ishlov bering. 2. Mineral moylar qo'llang. 3. Yirtqich kanalarni qo'yib yuborish orqali biologik kurash olib boring.","Kalsiy nitrat,Magniy sulfat,Temir sulfat","Bahorda daraxt kurtak chiqarishidan oldin mineral moylar bilan ishlov bering. Yirtqich hasharotlarni jalb qiling. Daraxtlarni me'yorida sug'oring."
15,kartoshka_fitoftoroz,kartoshka,"Kartoshka fitoftorozi","Phytophthora infestans","Juda jiddiy","Fitoftoroz - kartoshka va pomidorning eng xavfli kasalliklaridan biri. Bu kasallik namlik yuqori bo'lganda tez tarqaladi va butun hosilni yo'q qilishi mumkin.","Barglarning chetlarida to'q jigarrang dog'lar paydo bo'ladi, keyinchalik butun bargni qoplaydi. Nam havoda barglarda oqish mog'or paydo bo'ladi. Kasallik poyalarga va tuganaklarga ham o'tadi.","1. Zararlangan o'simliklarni olib tashlang. 2. Mis tarkibli fungitsidlar bilan ishlov bering. 3. Sug'orishni tartibga soling, ortiqcha namlikdan saqlaning. 4. Yomg'irdan keyin darhol ishlov bering.","Kaliy fosfit,Mis oksixlorid,Bio-fungitsidlar","Kasallikka chidamli navlarni tanlang, ekin aylantirishni qo'llang. Tuganaklar orasida yetarli masofa qoldiring. O'simliklarni barglarini ho'llamasdan sug'oring."
16,kartoshka_alternarioz,kartoshka,"Kartoshka makrosporiozi (alternariozi)","Alternaria solani","O'rta","Alternarioz - zamburug' qo'zg'atadigan kasallik, barglarni, poyalarni va tuganaklarni zararlaydi. Kasallik issiq va nam ob-havoda rivojlanadi.","Barglarda konsentrik halqalar bilan chegaralangan qo'ng'ir dog'lar paydo bo'ladi. Kasallik pastki barglardan boshlanib, yuqoriga ko'tariladi. Tuganaklarda qattiq, botiq dog'lar paydo bo'ladi.","1. Zararlangan qismlarni kesib tashlang. 2. Fungitsidlar bilan ishlov bering. 3. Kaliy tarkibli o'g'itlarni ko'proq qo'llang.","Kaliy sulfat,Mis oksixlorid,Triazol fungitsidlar","Kasallikka chidamli navlarni tanlang. Ekin aylantirishni qo'llang. Kartoshkani ikki yil ketma-ket bir joyda ekishdan saqlaning. Tuganaklar orasida yetarli masofa qoldiring."
17,kartoshka_parsha,kartoshka,"Kartoshka oddiy parshasi","Streptomyces scabies","O'rta","Parsha - tuproqda yashaydigan bakteriyalar qo'zg'atadigan kasallik. Asosan tuganaklarni zararlaydi, ammo hosildorlikka katta ta'sir ko'rsatmaydi.","Tuganaklarda yuzaki, mayda dog'lar paydo bo'ladi. Keyinchalik dog'lar qo'ng'ir, po'kaksimon to'qimaga aylanadi. Og'ir holatlarda tuganaklar yorilishi mumkin.","1. Ekishdan oldin tuganaklar ichiga botuvchi dog'lar bo'lganlarni tanlang. 2. Tuproqni nordonlashtiring (pH 5.2-5.5). 3. Ekin aylantirishni qo'llang.","Ammoniy sulfat,Oltingugurt,Organik o'g'itlar","Kartoshkani ikki yil ketma-ket bir joyda ekishdan saqlaning. Tuproqqa ko'p miqdorda kompost qo'shing. Parshaga chidamli navlarni tanlang."
18,kartoshka_kolorado_qo'ng'izi,kartoshka,"Kartoshka kolorado qo'ng'izi","Leptinotarsa decemlineata","Juda jiddiy","Kolorado qo'ng'izi - kartoshkaning eng xavfli zararkunandasi. Qo'ng'iz va uning lichinkalari barglar bilan oziqlanib, o'simlikni to'liq yo'q qilishi mumkin.","Barglarning chetidan yeyilishi. Barglarda to'q qizil-zarg'aldoq rangli hasharotlar va ularning sariq-qizil lichinkalari. O'simlikning to'liq yeyilishi.","1. Insektitsidlar bilan o'z vaqtida ishlov bering. 2. Qo'ng'izlarni qo'lda yig'ib oling. 3. Biologik kurash vositalari (Bacillus thuringiensis) qo'llang.","Azotli o'g'itlar,Kaliy sulfat,Organik o'g'itlar","Ekin aylantirishni qo'llang. Kartoshkani boshqa oilaga mansub o'simliklar (no'xat, loviya, beda) bilan almashtirib turing. Qo'ng'izlarni muntazam terib turing."
19,kartoshka_rizoktoniya,kartoshka,"Kartoshka rizoktoniya kasalligi","Rhizoctonia solani","Jiddiy","Rizoktoniya - tuproqda yashaydigan zamburug' qo'zg'atadigan kasallik. Asosan yosh nihollar va ildiz bo'yni zararlanganda xavfli.","Tuganaklar yuzasida qora, qattiq dog'lar (sklerosiyalar). Poyaning yer ostki qismida qo'ng'ir dog'lar. Yosh nihollarning so'lishi va qurib qolishi.","1. Ekishdan oldin tuganaklar dezinfeksiyasi. 2. Fungitsidlar bilan urug'lik ishlov berish. 3. Tuproqni dezinfeksiya qilish.","Trichoderma preparati,Mikrobiologik preparatlar,Gumat preparatlari","Kasallikka chidamli navlarni tanlang. Ekin aylantirishni qo'llang. Tuproqni quyosh bilan zararsizlantiring. Chuqur haydashdan saqlaning."
20,galla_zang,galla,"G'alla zangi","Puccinia graminis","Jiddiy","G'alla zangi - bu zamburug' qo'zg'atadigan kasallik bo'lib, g'alla ekinlarida katta zarar yetkazishi mumkin. Kasallik asosan bugdoy, arpa va javdarni zararlaydi.","Barglarda qizg'ish-jigarrang dog'lar paydo bo'ladi. Barglar qurib qoladi, hosildorlik pasayadi. Kasallik tarqalganda, butun dala zangsimon qizg'ish rangga kiradi.","1. Fungitsidlar bilan o'z vaqtida ishlov bering. 2. Zararlangan o'simlik qismlarini yo'q qiling. 3. Azot o'g'itlarini me'yorida ishlatish. 4. Triazol guruhiga mansub fungitsidlardan foydalaning.","Triazol fungitsidlar,Mikroelementli o'g'itlar,Kalsiy nitrat","Zangga chidamli navlarni ekish, havo aylanishini ta'minlash. Ekin aylantirishni qo'llang. Yovvoyi g'allasimon o'tlarni yo'q qiling."
21,galla_qorakuya,galla,"G'alla qorakuya kasalligi","Ustilago tritici","Jiddiy","Qorakuya - zamburug' qo'zg'atadigan kasallik bo'lib, g'alla ekinlarining boshoqlarini zararlaydi. Kasallik urug' orqali tarqaladi.","Boshoqlar qora, chang ko'rinishidagi sporalarga aylanadi. Donlar o'rniga qora chang paydo bo'ladi. Hosil to'liq yo'q bo'lishi mumkin.","1. Urug'larni ekishdan oldin fungitsidlar bilan ishlov bering. 2. Sifatli, sertifikatlangan urug'lik ishlating. 3. Zararlangan o'simliklarni yo'q qiling.","Karboksim,Tebukonazol,Mikroelementli o'g'itlar","Kasallikka chidamli navlarni tanlang. Urug'lik materialini muntazam yangilab turing. Urug'larni dorilashni har yili o'tkazing."
22,galla_septorioz,galla,"G'alla septoriozi","Septoria tritici","O'rta","Septorioz - zamburug' qo'zg'atadigan kasallik bo'lib, g'alla ekinlarining barglarini zararlaydi. Kasallik nam ob-havoda rivojlanadi.","Barglarda cho'zinchoq, sariq-jigarrang dog'lar paydo bo'ladi. Dog'lar markazida qora nuqtalar (piknidalar) ko'rinadi. Barglar sarg'ayib, qurib qoladi.","1. Fungitsidlar bilan o'z vaqtida ishlov bering. 2. Zararlangan qismlarni kesib tashlang. 3. Triazol guruhiga mansub fungitsidlardan foydalaning.","Triazol fungitsidlar,Strobilurin fungitsidlar,Mikroelementli o'g'itlar","Kasallikka chidamli navlarni tanlang. Ekin aylantirishni qo'llang. G'alla ekinlarini ikki yil ketma-ket bir joyda ekishdan saqlaning. O'simliklar orasida yetarli masofa qoldiring."
23,galla_ildiz_chirish,galla,"G'alla ildiz chirish kasalligi","Fusarium spp.","Jiddiy","Ildiz chirish - zamburug' qo'zg'atadigan kasallik bo'lib, g'alla ekinlarining ildizlarini zararlaydi. Kasallik tuproq orqali tarqaladi.","O'simliklarning so'lishi va sarg'ayishi. Ildiz va ildiz bo'yni qo'ng'ir rangga kiradi, chirishga boshlanadi. Boshoqlar rivojlanmaydi, pushti rangda bo'ladi.","1. Urug'lik fungitsidlar bilan ishlov bering. 2. Tuproq pH darajasini nazorat qiling. 3. Azot o'g'itlarini me'yorida ishlatish.","Trichoderma preparati,Gumat preparatlari,Mikroelementli o'g'itlar","Kasallikka chidamli navlarni tanlang. Ekin aylantirishni qo'llang. G'alla ekinlarini dukkakli o'simliklar bilan almashtiring. Tuproqni quyosh bilan zararsizlantiring."
24,galla_un_shudring,galla,"G'alla un-shudringi","Blumeria graminis","O'rta","Un-shudring - zamburug' qo'zg'atadigan kasallik bo'lib, g'alla ekinlarining barglarini va poyalarini zararlaydi. Kasallik nam va salqin ob-havoda rivojlanadi.","Barglarda va poyalarda oq, paxtasimon qoplam paydo bo'ladi. Keyinchalik bu qoplam qo'ng'ir rangga kiradi. Barglar qurib qoladi, hosildorlik pasayadi.","1. Fungitsidlar bilan o'z vaqtida ishlov bering. 2. Oltingugurt tarkibli preparatlar qo'llang. 3. Triazol guruhiga mansub fungitsidlardan foydalaning.","Oltingugurt preparatlari,Triazol fungitsidlar,Mikroelementli o'g'itlar","Kasallikka chidamli navlarni tanlang. Ekin aylantirishni qo'llang. Me'yoridan ortiq azotli o'g'itlar ishlatishdan saqlaning. O'simliklar orasida yetarli masofa qoldiring."
25,uzum_mildyu,uzum,"Uzum mildiyu","Plasmopara viticola","Jiddiy","Mildyu - uzum tokining eng xavfli kasalliklaridan biri. Kasallik namlik yuqori bo'lganda tez rivojlanadi va butun hosildorlikka ta'sir qiladi.","Barglarda yog'simon dog'lar paydo bo'ladi, keyinchalik qo'ng'ir rangga aylanadi. Barglarning pastki tomonida oq mog'or paydo bo'ladi. Zararlangan barglar qurib to'kiladi.","1. Mis tarkibli preparatlar bilan ishlov bering. 2. Barglararo masofani oshirish uchun tokni butang. 3. Sug'orishni tartibga soling. 4. Sistematik fungitsidlardan foydalaning.","Mis sulfat,Kaliy fosfonat,Organik fungitsidlar","Havo aylanishini ta'minlash, ertalab sug'orish, barglarni ho'llamaslik. Kasallikka chidamli navlarni tanlang. Toklar orasida yetarli masofa qoldiring."
26,uzum_oidium,uzum,"Uzum oidium (un-shudring) kasalligi","Uncinula necator","Jiddiy","Oidium - zamburug' qo'zg'atadigan kasallik bo'lib, uzum tokining barcha yashil qismlarini, ayniqsa mevalarini zararlaydi. Kasallik issiq va quruq ob-havoda rivojlanadi.","Barglarda, yosh novdalarda va mevalarda oq, kukun kabi qoplam paydo bo'ladi. Zararlangan barglar buraladi. Mevalar yoriladi va chirib ketadi.","1. Oltingugurt tarkibli preparatlar qo'llang. 2. Triazol guruhiga mansub fungitsidlardan foydalaning. 3. Zararlangan qismlarni kesib tashlang.","Oltingugurt preparatlari,Triazol fungitsidlar,Kaliy sulfat","Kasallikka chidamli navlarni tanlang. Toklarni to'g'ri butang va bog'lang. Havo aylanishini ta'minlang. Ortiqcha azotli o'g'itlar qo'llashdan saqlaning."
27,uzum_antraknoz,uzum,"Uzum antraknozu","Elsinoe ampelina","O'rta","Antraknoz - zamburug' qo'zg'atadigan kasallik bo'lib, uzum tokining barglari, novdalari va mevalarini zararlaydi. Kasallik nam va iliq ob-havoda rivojlanadi.","Barglarda va novdalarda qo'ng'ir-qizil, keyinchalik kulrang markazli dog'lar paydo bo'ladi. Zararlangan barglar teshiladi. Mevalarda botiq, qora dog'lar paydo bo'ladi.","1. Mis tarkibli preparatlar bilan ishlov bering. 2. Zararlangan qismlarni kesib tashlang. 3. Fungitsidlarni almashtirgan holda qo'llang.","Mis oksixlorid,Kaptafol,Mikroelementli o'g'itlar","Kasallikka chidamli navlarni tanlang. Toklarni to'g'ri butang. Barcha o'lik novdalarni kesib tashlang. Tuproq yuqori namligidan saqlaning."
28,uzum_kul_rang_chirish,uzum,"Uzum kul rang chirishi","Botrytis cinerea","Jiddiy","Kul rang chirish - zamburug' qo'zg'atadigan kasallik bo'lib, asosan uzum mevalarini zararlaydi. Kasallik namlik yuqori bo'lganda tez rivojlanadi, ayniqsa mevalar pishish davrida.","Mevalarda kul rang mog'or paydo bo'ladi. Meva to'qimasi yumshoq, suvli bo'ladi va chirib ketadi. Kasallik butkasallik_id,kasallik_kodi,o'simlik_turi,nomi,ilmiy_nomi,jiddiylik,tavsif,belgilari,davolash,o'g'itlar,oldini_olish
29,uzum_filloksera,uzum,"Uzum fillokserasi","Daktulosphaira vitifoliae","Juda jiddiy","Filloksera - tok ildizlarini zararlaydigan hasharot. Bu hasharot Yevropa uzumi navlarining asosiy kushandasi hisoblanadi va butun bog'larni yo'q qilishi mumkin.","Ildizlarda bo'rtmalar va shishlar paydo bo'ladi. O'simlik sekin-asta zaiflashadi. Barglar sarg'ayib, o'simlik qurib qoladi. Filloksera ta'siridan o'simlik 3-5 yil ichida o'ladi.","1. Karantin choralariga rioya qiling. 2. Chidamli payvandtaglarga payvand qilingan ko'chatlar ekish. 3. Tuproqni insektitsidlar bilan ishlov bering.","Organik o'g'itlar,Gumat preparatlari,Aminokislotali o'g'itlar","Faqat fillokseraga chidamli payvandtaglarga payvand qilingan ko'chatlar ekish. Karantin choralariga qat'iy rioya qilish. Infeksiyalangan o'simliklarni yo'q qilish."
30,uzum_qizil_doglanish,uzum,"Uzum qizil dog'lanishi","Pseudopezicula tracheiphila","O'rta","Qizil dog'lanish - zamburug' qo'zg'atadigan kasallik bo'lib, asosan barglarni zararlaydi. Kasallik nam va salqin ob-havoda rivojlanadi.","Barglarda qizil-qo'ng'ir, keyinchalik qizg'ish-jigarrang dog'lar paydo bo'ladi. Dog'lar tomirlar bilan chegaralangan. Barglar qurib to'kiladi.","1. Fungitsidlar bilan o'z vaqtida ishlov bering. 2. Kuzda tushgan barglarni yig'ib oling. 3. Mis tarkibli preparatlar bilan ishlov bering.","Mis oksixlorid,Triazol fungitsidlar,Kaliy fosfat","Kasallikka chidamli navlarni tanlang. Toklar orasida yetarli masofa qoldiring. Havo aylanishini ta'minlang. Kuzda tushgan barglarni yig'ib oling."
31,lavlagi_cercospora,lavlagi,"Lavlagi serkosporoz kasalligi","Cercospora beticola","O'rta","Serkosporoz - zamburug' qo'zg'atadigan kasallik bo'lib, asosan lavlagi barglarini zararlaydi. Kasallik nam va iliq ob-havoda rivojlanadi.","Barglarda qizil hoshiyali kichik dumaloq dog'lar paydo bo'ladi. Vaqt o'tishi bilan dog'lar qo'shilishi va butun bargni qoplashi mumkin. Zararlangan barglar qurib qoladi.","1. Fungitsidlar bilan muntazam ishlov bering. 2. Kasallangan barglarni olib tashlang. 3. Ekinlarni almashtiring. 4. Kaliy o'g'itlaridan foydalaning.","Mis preparatlari,Kaliy o'g'itlari,Mikroelementlar","Kasallikka chidamli navlarni ekish, o'simliklar orasida yetarli masofa qoldirish. Ekin aylantirishni qo'llash. O'simliklarni muntazam ko'rib turish."
32,lavlagi_peronosporoz,lavlagi,"Lavlagi peronosporozi","Peronospora farinosa","Jiddiy","Peronosporoz - zamburug' qo'zg'atadigan kasallik bo'lib, lavlagi barglarini zararlaydi. Kasallik nam va salqin ob-havoda rivojlanadi.","Barglarda sariq, keyinchalik qo'ng'ir dog'lar paydo bo'ladi. Barglarning pastki tomonida kulrang-binafsha mog'or hosil bo'ladi. Barglar buraladi va qurib qoladi.","1. Mis tarkibli preparatlar bilan ishlov bering. 2. Fungitsidlar bilan o'z vaqtida ishlov bering. 3. Ekinlar orasida havo aylanishini ta'minlang.","Mis oksixlorid,Kaliy fosfit,Mikroelementli o'g'itlar","Kasallikka chidamli navlarni tanlang. Ekin aylantirishni qo'llang. Lavlagini nam tuproqlarga ekishdan saqlaning. O'simliklar orasida yetarli masofa qoldiring."
33,lavlagi_rizomania,lavlagi,"Lavlagi rizomaniyasi","Beet necrotic yellow vein virus","Juda jiddiy","Rizomania - virus qo'zg'atadigan kasallik bo'lib, lavlagi ildizlarini zararlaydi. Kasallik tuproqda yashovchi zamburug' orqali tarqaladi.","Ildizlar sochsimon ko'rinishga keladi. Barglar oqish-sariq rangga kiradi, tomirlar orasida nekrozlar paydo bo'ladi. Hosildorlik keskin pasayadi.","1. Karantin choralariga rioya qiling. 2. Kasallikka chidamli navlarni tanlang. 3. Ekin aylantirishni qo'llang. 4. Zararlangan o'simliklarni yo'q qiling.","Kaliy o'g'itlari,Mikroelementli o'g'itlar,Fosforli o'g'itlar","Faqat kasallikka chidamli navlarni ekish. Ekin aylantirishni qo'llang. Lavlagini 4-5 yil mobaynida bir joyda ekishdan saqlaning. Tuproqni zararsizlantirish."
34,lavlagi_fuzarioz,lavlagi,"Lavlagi fuzariozi","Fusarium oxysporum","Jiddiy","Fuzarioz - zamburug' qo'zg'atadigan kasallik bo'lib, lavlagi ildizlarini zararlaydi. Kasallik tuproq orqali tarqaladi.","Barglar sarg'ayadi va so'lib qoladi. Ildizlar qo'ng'ir rangga kiradi, chirishga boshlanadi. O'simlik sekin-asta qurib qoladi.","1. Zararlangan o'simliklarni yo'q qiling. 2. Trichoderma tarkibli biologik preparatlar qo'llang. 3. Tuproqni dezinfeksiya qiling.","Trichoderma preparati,Gumat preparatlari,Mikroelementli o'g'itlar","Kasallikka chidamli navlarni tanlang. Ekin aylantirishni qo'llang. Lavlagini har yili bir joyda ekishdan saqlaning. Tuproqni quyosh bilan zararsizlantiring."
35,shaftoli_barg_bujmayishi,shaftoli,"Shaftoli bargi bujmayishi","Taphrina deformans","Jiddiy","Barg bujmayishi - zamburug' qo'zg'atadigan kasallik bo'lib, shaftoli barglarini zararlaydi. Kasallik bahorda, sovuq va nam ob-havoda rivojlanadi.","Barglar qizg'ish, shishgan va bujmaygan ko'rinishda bo'ladi. Barglar qalinlashadi, mo'rt bo'lib qoladi. Zararlangan barglar qurib to'kiladi.","1. Bahor boshida, kurtak chiqishidan oldin mis tarkibli preparatlar bilan ishlov bering. 2. Zararlangan barglarni yig'ib oling. 3. Sistematik fungitsidlar qo'llang.","Mis oksixlorid,Dodzin,Kaptafol","Kasallikka chidamli navlarni tanlang. Bahor boshida, kurtak chiqishidan oldin profilaktik ishlov bering. Kuzda tushgan barglarni yig'ib oling."
36,shaftoli_monilioz,shaftoli,"Shaftoli moniliozi","Monilinia spp.","Jiddiy","Monilioz - zamburug' qo'zg'atadigan kasallik bo'lib, shaftoli gullarini, novdalarini va mevalarini zararlaydi. Kasallik nam ob-havoda tez rivojlanadi.","Gullar va yosh novdalar qo'ng'ir rangga kirib quriydi. Mevalarda qo'ng'ir dog'lar paydo bo'ladi, keyinchalik oq-kulrang mog'or paydo bo'ladi. Mevalar chiriydi va daraxtda osilib qoladi.","1. Fungitsidlar bilan gullash davrida ishlov bering. 2. Zararlangan qismlarni kesib tashlang. 3. Qurib qolgan mevalarni yig'ib oling.","Iprodione,Tebukonazol,Boskalid","Daraxtlarni to'g'ri butang. Havo aylanishini ta'minlang. Kuzda qurib qolgan mevalarni yig'ib oling. Gullash davrida profilaktik ishlov bering."
37,shaftoli_bargxo'r,shaftoli,"Shaftoli bargxo'ri","Anarsia lineatella","Jiddiy","Bargxo'r - hasharot zararkunandasi, uning qurti novdalar va mevalarni zararlaydi. Har yili 2-3 avlod berishi mumkin.","Novdalar uchi so'lib qoladi. Yosh novdalar ichida qurtlar va ularning chiqindilari. Mevalarda kirishga mo'ljallangan teshiklar va qurtlar.","1. Insektitsidlar bilan o'z vaqtida ishlov bering. 2. Feromon tutqichlar o'rnating. 3. Biologik kurash vositalari qo'llang.","Organik o'g'itlar,Aminokislotali o'g'itlar,Kaliy sulfat","Daraxtlar atrofini tozalab turing. Zararlangan novdalarni kesib tashlang. Kapalak paydo bo'lish vaqtida profilaktik ishlov bering."
38,shaftoli_klasterospo'rioz,shaftoli,"Shaftoli klasterospo'riozi","Clasterosporium carpophilum","O'rta","Klasterospo'rioz - zamburug' qo'zg'atadigan kasallik bo'lib, shaftoli barglarini, novdalarini va mevalarini zararlaydi. Kasallik nam ob-havoda rivojlanadi.","Barglarda qizil hoshiyali dumaloq dog'lar paydo bo'ladi. Dog'lar qurigach, teshiklar hosil bo'ladi ('o'q teshigi' effekti). Novdalarda qo'ng'ir dog'lar va yelim ajralishi. Mevalarda botiq dog'lar.","1. Fungitsidlar bilan o'z vaqtida ishlov bering. 2. Zararlangan qismlarni kesib tashlang. 3. Mis tarkibli preparatlar bilan ishlov bering.","Mis oksixlorid,Triazol fungitsidlar,Kaptafol","Daraxtlarni to'g'ri butang. Zararlangan qismlarni kesib tashlang. Kuzda tushgan barglarni yig'ib oling. Bahorda kurtak chiqishidan oldin profilaktik ishlov bering."
39,nok_bakterial_kuyish,nok,"Nok bakterial kuyishi","Erwinia amylovora","Juda jiddiy","Bakterial kuyish - bakteriyalar qo'zg'atadigan xavfli kasallik. U gullar, barglar, novdalar va mevalarga ta'sir qiladi. Kasallik gullar orqali kiradi va novdalar bo'ylab tarqaladi.","Gullar va barglar qorayib, kuyganday ko'rinadi. Novdalar qorayib, uchi bukiladi ('cho'pon tayog'i' effekti). Mevalarda qora dog'lar paydo bo'lib, qurib qoladi.","1. Zararlangan qismlarni kesib tashlang, kesish joyini dezinfeksiya qiling. 2. Mis tarkibli preparatlar bilan ishlov bering. 3. Streptomitsin tarkibli antibiotiklar qo'llang.","Mis oksixlorid,Streptomitsin,Kalsiy preparatlari","Kasallikka chidamli navlarni tanlang. Gullash davrida profilaktik ishlov bering. Bog'ni muntazam kuzatib, zararlangan qismlarni darhol olib tashlang."
40,nok_mevaqurt,nok,"Nok mevaqurti","Cydia pyrivora","Jiddiy","Mevaqurt - hasharot zararkunandasi, uning qurti nok mevasining ichiga kirib, uni zararlaydi. Har yili 1-2 avlod berishi mumkin.","Mevalarda kirishga mo'ljallangan teshiklar. Meva ichida qizg'ish-jigarrang qurt. Meva ichida qurt chiqindilari. Mevalarning vaqtidan oldin to'kilishi.","1. Insektitsidlar bilan o'z vaqtida ishlov bering. 2. Feromon tutqichlar o'rnating. 3. Biologik kurash vositalari qo'llang.","Organik o'g'itlar,Aminokislotali o'g'itlar,Kaliy sulfat","Daraxtlar atrofini tozalab turing. Tushgan mevalarni yig'ib oling. Kapalak paydo bo'lish vaqtida profilaktik ishlov bering. Qushlarni jalb qiling."
41,nok_parsha,nok,"Nok parshasi","Venturia pirina","Jiddiy","Parsha - zamburug' qo'zg'atadigan kasallik bo'lib, nok barglarini, mevalarini va yosh novdalarini zararlaydi. Bahor va yoz boshida namlik yuqori bo'lganda tez tarqaladi.","Barglarda va mevalarda yashil-qo'ng'ir, keyinchalik qoramtir dog'lar paydo bo'ladi. Zararlangan joylar qo'pol, yorilgan ko'rinishga ega bo'ladi. Mevalar shakli buziladi.","1. Fungitsidlar bilan bahor va yoz boshida muntazam ishlov bering. 2. Daraxtlarni butash orqali havo aylanishini ta'minlang. 3. Zararlangan qismlarni kesib tashlang.","Mis oksixlorid,Triazol fungitsidlar,Kaliy fosfat","Kuzda tushgan barglarni yig'ib oling. Daraxtlarni to'g'ri butang. Kasallikka chidamli navlarni tanlang. O'z vaqtida profilaktik ishlov bering."
42,nok_psilla,nok,"Nok psillasi","Cacopsylla pyri","Jiddiy","Psilla - hasharot zararkunandasi, u barglardan shira so'rib oziqlanadi va qandli chiqindilar ajratadi. Bir yilda 3-5 avlod berishi mumkin.","Barglar buraladi, quriydi. Barglar va novdalarda yopishqoq modda (qandli chiqindilar). Yopishqoq modda ustida qora qoplam (qorakuya zamburug'i). O'simlik zaiflashadi.","1. Insektitsidlar bilan o'z vaqtida ishlov bering. 2. Mineral moylar qo'llang. 3. Yirtqich hasharotlarni qo'yib yuborish orqali biologik kurash olib boring.","Kalsiy nitrat,Magniy sulfat,Temir sulfat","Bahorda daraxt kurtak chiqarishidan oldin mineral moylar bilan ishlov bering. Yirtqich hasharotlarni jalb qiling. Daraxtlarni me'yorida sug'oring."
43,baqlajon_fitoftoroz,baqlajon,"Baqlajon fitoftorozi","Phytophthora capsici","Juda jiddiy","Fitoftoroz - zamburug' qo'zg'atadigan kasallik bo'lib, baqlajon o'simligining barcha qismlarini zararlaydi. Kasallik namlik yuqori bo'lganda tez tarqaladi.","Barglarda qo'ng'ir dog'lar paydo bo'ladi. Poyalar qorayib, o'simlik so'liydi. Mevalar qo'ng'ir tus olib, chiriydi. Ildiz bo'yni qorayib, o'simlik qurib qoladi.","1. Zararlangan o'simliklarni olib tashlang. 2. Mis tarkibli fungitsidlar bilan ishlov bering. 3. Sug'orishni tartibga soling, ortiqcha namlikdan saqlaning.","Kaliy fosfit,Mis oksixlorid,Azoksistrobin","Kasallikka chidamli navlarni tanlang. Ekin aylantirishni qo'llang. O'simliklarni ko'tarilgan egatga eking. Tomchilatib sug'orish usulidan foydalaning."
44,baqlajon_alternarioz,baqlajon,"Baqlajon alternariozi","Alternaria solani","O'rta","Alternarioz - zamburug' qo'zg'atadigan kasallik, barglarni, poyalarni va mevalarni zararlaydi. Kasallik issiq va nam ob-havoda rivojlanadi.","Barglarda konsentrik halqalar bilan chegaralangan qo'ng'ir dog'lar paydo bo'ladi. Kasallik pastki barglardan boshlanib, yuqoriga ko'tariladi. Mevalarda qattiq, botiq dog'lar paydo bo'ladi.","1. Zararlangan qismlarni kesib tashlang. 2. Fungitsidlar bilan ishlov bering. 3. Kaliy tarkibli o'g'itlarni ko'proq qo'llang.","Kaliy sulfat,Mis oksixlorid,Triazol fungitsidlar","Kasallikka chidamli navlarni tanlang. Ekin aylantirishni qo'llang. Baqlajonni ikki yil ketma-ket bir joyda ekishdan saqlaning. O'simliklar orasida yetarli masofa qoldiring."
45,baqlajon_bakterioz,baqlajon,"Baqlajon bakterial dog'lanishi","Xanthomonas campestris","Jiddiy","Bakterial dog'lanish - bakteriyalar qo'zg'atadigan kasallik bo'lib, barglarda, poyalarda va mevalarda dog'lar paydo qiladi. Kasallik nam ob-havoda tez tarqaladi.","Barglarda kichik, qoramtir-yashil, suvga to'yingan dog'lar. Keyinchalik dog'lar quriydi va qo'ng'ir tus oladi. Mevalarda qora, qattiq dog'lar paydo bo'ladi.","1. Zararlangan qismlarni kesib tashlang. 2. Mis tarkibli preparatlar bilan ishlov bering. 3. Antibakterial preparatlar qo'llang. 4. Barglarni ho'llamasdan, ildiz atrofidan sug'oring.","Mis sulfat,Streptomitsin,Aminokislotali o'g'itlar","Kasallikka chidamli navlarni tanlang. Baqlajon va boshqa ituzumdoshlar orasidagi masofani ko'paytiring. O'simliklarni ertalab sug'oring."
46,karam_kila,karam,"Karam kilasi","Plasmodiophora brassicae","Juda jiddiy","Kila - zamburug' qo'zg'atadigan kasallik bo'lib, karam va boshqa karamguldoshlar oilasiga mansub o'simliklarning ildizlarini zararlaydi. Kasallik tuproq orqali tarqaladi.","Ildizlarda har xil shakldagi shishlar (gallar) paydo bo'ladi. O'simlik o'sishdan to'xtaydi, so'liydi. Barglar sarg'ayib, qurib qoladi. Karam boshi rivojlanmaydi.","1. Zararlangan o'simliklarni yo'q qiling. 2. Tuproqni ohaklang (pH 7.2 gacha ko'tarish). 3. Ekin aylantirishni qo'llang.","Kalsiy oksid,Kalsiy karbonat,Borat","Kasallikka chidamli navlarni tanlang. Ekin aylantirishni qo'llang. Karamni va boshqa karamguldoshlarni 7 yil mobaynida bir joyda ekishdan saqlaning. Tuproq pH darajasini nazorat qiling."
47,karam_bakterioz,karam,"Karam qora bakteriozi","Xanthomonas campestris","Jiddiy","Qora bakterioz - bakteriyalar qo'zg'atadigan kasallik bo'lib, barglarda V-shaklidagi sarg'ish dog'lar hosil qiladi. Kasallik yuqori namlikda rivojlanadi.","Barglarda tomirlar bo'ylab V-shaklidagi sarg'ish dog'lar paydo bo'ladi. Dog'lar qorayib, barglar qurib qoladi. Tomirlar qora rangga kiradi. Kasallik ichki qismlariga tarqalib, butun o'simlikni nobud qilishi mumkin.","1. Kasallangan o'simliklarni yo'q qiling. 2. Urug'larni dezinfeksiya qiling. 3. Mis tarkibli preparatlar bilan ishlov bering.","Mis oksixlorid,Streptomitsin,Kalsiy nitrat","Kasallikka chidamli navlarni tanlang. Ekin aylantirishni qo'llang. Sifatli, kasallikdan holi urug'lik ishlating. Tomchilatib sug'orish usulidan foydalaning."
48,karam_peronosporoz,karam,"Karam peronosporozi","Peronospora parasitica","Jiddiy","Peronosporoz - zamburug' qo'zg'atadigan kasallik bo'lib, karam barglarini zararlaydi. Kasallik nam va salqin ob-havoda rivojlanadi.","Barglarda sariq, keyinchalik qo'ng'ir dog'lar paydo bo'ladi. Barglarning pastki tomonida oq-kulrang mog'or hosil bo'ladi. Barglar sarg'ayib, qurib qoladi.","1. Mis tarkibli preparatlar bilan ishlov bering. 2. Fungitsidlar bilan o'z vaqtida ishlov bering. 3. Ekinlar orasida havo aylanishini ta'minlang.","Mis oksixlorid,Mankoseb,Propineb","Kasallikka chidamli navlarni tanlang. Ekin aylantirishni qo'llang. O'simliklar orasida yetarli masofa qoldiring. O'simliklarni ertalab sug'oring."
49,karam_kapalak,karam,"Karam oq kapalagi","Pieris brassicae","Jiddiy","Oq kapalak - hasharot zararkunandasi, uning qurtlari karam barglarini yeb, katta zarar yetkazadi. Bir yilda 2-3 avlod berishi mumkin.","Barglarda katta teshiklar, barglar skeleti qolishi. Barglarda yashil qurtlar va ularning chiqindilari. Barglar to'liq yeyilishi mumkin.","1. Insektitsidlar bilan o'z vaqtida ishlov bering. 2. Qurtlarni qo'lda yig'ib oling. 3. Biologik kurash vositalari (Bacillus thuringiensis) qo'llang.","Azotli o'g'itlar,Kaliy sulfat,Organik o'g'itlar","Ekin aylantirishni qo'll25,uzum_mildyu,uzum,"Uzum mildiyu","Plasmopara viticola","Jiddiy","Mildyu - uzum tokining eng xavfli kasalliklaridan biri. Kasallik namlik yuqori bo'lganda tez rivojlanadi va butun hosildorlikka ta'sir qiladi.","Barglarda yog'simon dog'lar paydo bo'ladi, keyinchalik qo'ng'ir rangga aylanadi. Barglarning pastki tomonida oq mog'or paydo bo'ladi. Zararlangan barglar qurib to'kiladi.","1. Mis tarkibli preparatlar bilan ishlov bering. 2. Barglararo masofani oshirish uchun tokni butang. 3. Sug'orishni tartibga soling. 4. Sistematik fungitsidlardan foydalaning.","Mis sulfat,Kaliy fosfonat,Organik fungitsidlar","Havo aylanishini ta'minlash, ertalab sug'orish, barglarni ho'llamaslik. Kasallikka chidamli navlarni tanlang. Toklar orasida yetarli masofa qoldiring."
50,karam_bug,karam,"Karam bug'i","Eurydema ventralis","O'rta","Karam bug'i - hasharot zararkunandasi, u karam barglaridan shira so'rib oziqlanadi. Bir yilda 2-3 avlod berishi mumkin.","Barglarda sarg'ish, keyinchalik qo'ng'ir dog'lar paydo bo'ladi. Barglar buraladi, quriydi. Barglarda qalqon shaklidagi hasharotlar va ularning tuxumlari.","1. Insektitsidlar bilan o'z vaqtida ishlov bering. 2. Buglarni qo'lda yig'ib oling. 3. Botanik insektitsidlar (neem moyi) qo'llang.","Kaliy sulfat,Kalsiy nitrat,Organik o'g'itlar","Ekin aylantirishni qo'llang. Karamni dorivor o'simliklar bilan aralashtirish. Bug'larga qarshi o'simliklar (ukrop, piyoz, sarimsoq) ekish. Bog'ni muntazam tekshirib, zararkunandalarni erta aniqlash."
51,piyoz_peronosporoz,piyoz,"Piyoz peronosporozi","Peronospora destructor","Jiddiy","Peronosporoz - zamburug' qo'zg'atadigan kasallik bo'lib, piyoz barglarini zararlaydi. Kasallik nam va iliq ob-havoda rivojlanadi.","Barglarda sariq-yashil dog'lar paydo bo'ladi. Barglarning pastki tomonida kulrang-binafsha mog'or hosil bo'ladi. Barglar so'liydi, qurib qoladi. Piyoz o'sishdan to'xtaydi.","1. Mis tarkibli preparatlar bilan ishlov bering. 2. Fungitsidlar bilan o'z vaqtida ishlov bering. 3. Ekinlar orasida havo aylanishini ta'minlang.","Mis oksixlorid,Mankoseb,Propineb","Kasallikka chidamli navlarni tanlang. Ekin aylantirishni qo'llang. Piyozni 3-4 yil mobaynida bir joyda ekishdan saqlaning. O'simliklar orasida yetarli masofa qoldiring."
52,piyoz_perona,piyoz,"Piyoz peronasporoz zogi","Botrytis allii","Jiddiy","Peronasporoz zogi - zamburug' qo'zg'atadigan kasallik bo'lib, piyoz piyozida va barglarida rivojlanadi. Kasallik yuqori namlikda tez tarqaladi.","Piyoz piyozida qo'ng'ir, yumshoq chirish paydo bo'ladi. Piyoz varaqlari orasida kulrang mog'or paydo bo'ladi. Kasallangan piyozlar saqlash paytida chiriydi.","1. Fungitsidlar bilan ishlov bering. 2. Piyozlarni quruq va salqin joyda saqlang. 3. Zararlangan piyozlarni darhol olib tashlang.","Iprodione,Tebukonazol,Mis oksixlorid","Kasallikka chidamli navlarni tanlang. Piyozlarni to'liq quritib olishdan so'ng saqlash. Saqlash joyida havo aylanishini ta'minlash. Piyozlarni 1-2Â°C haroratda saqlash."
53,piyoz_fuzarioz,piyoz,"Piyoz fuzariozi","Fusarium oxysporum","Jiddiy","Fuzarioz - zamburug' qo'zg'atadigan kasallik bo'lib, piyoz piyozida rivojlanadi. Kasallik tuproq orqali tarqaladi va saqlash paytida ham rivojlanadi.","Piyoz ildizlari va pastki qismi qo'ng'ir rangga kiradi. Piyoz yumshoq bo'lib qoladi va chiriydi. Piyoz varaqlari orasida oq-pushti mog'or paydo bo'ladi.","1. Zararlangan piyozlarni yo'q qiling. 2. Fungitsidlar bilan urug'lik ishlov berish. 3. Tuproqni dezinfeksiya qiling.","Tebukonazol,Fludioksonil,Kaptafol","Kasallikka chidamli navlarni tanlang. Ekin aylantirishni qo'llang. Piyozni 4-5 yil mobaynida bir joyda ekishdan saqlaning. Sifatli urug'lik ishlating."
54,piyoz_tripsi,piyoz,"Piyoz tripsi","Thrips tabaci","Jiddiy","Trips - hasharot zararkunandasi, u piyoz barglaridan shira so'rib oziqlanadi. Bir yilda 3-5 avlod berishi mumkin.","Barglarda kumush-oq dog'lar paydo bo'ladi. Barglar buraladi, qurib qoladi. Barglarda mayda (1-2 mm), qora-yashil hasharotlar. Hosildorlik keskin pasayadi.","1. Insektitsidlar bilan o'z vaqtida ishlov bering. 2. Mineral moylar qo'llang. 3. Trips tutqichlar o'rnating (moviy yoki sariq kartonlar).","Kaliy sulfat,Magniy sulfat,Organik o'g'itlar","Ekin aylantirishni qo'llang. Yirtqich hasharotlarni jalb qiling. Piyoz atrofidagi begona o'tlarni yo'q qiling. O'simliklarni ertalab sug'oring."
55,sabzi_alternarioz,sabzi,"Sabzi alternariozi","Alternaria dauci","Jiddiy","Alternarioz - zamburug' qo'zg'atadigan kasallik bo'lib, sabzi barglarini zararlaydi. Kasallik issiq va nam ob-havoda rivojlanadi.","Barglarda qo'ng'ir, keyinchalik qora dog'lar paydo bo'ladi. Barglar qurib qoladi. Ildizmevada dog'lar paydo bo'lib, saqlash paytida chirishi mumkin.","1. Fungitsidlar bilan o'z vaqtida ishlov bering. 2. Zararlangan o'simlik qismlarini yo'q qiling. 3. Ekinlar orasida havo aylanishini ta'minlang.","Azoksistrobin,Mis oksixlorid,Kaliy sulfat","Kasallikka chidamli navlarni tanlang. Ekin aylantirishni qo'llang. Sabzini 3-4 yil mobaynida bir joyda ekishdan saqlaning. Sifatli urug'lik ishlating."
56,sabzi_fuzarioz,sabzi,"Sabzi fuzariozi","Fusarium spp.","Jiddiy","Fuzarioz - zamburug' qo'zg'atadigan kasallik bo'lib, sabzi ildizmevalarini zararlaydi. Kasallik tuproq orqali tarqaladi va saqlash paytida ham rivojlanadi.","Ildizmevada qo'ng'ir dog'lar paydo bo'ladi. Ildizmeva ichida qora dog'lar hosil bo'ladi. Ildizmeva yumshoq bo'lib qoladi va chiriydi.","1. Zararlangan ildizmevalarni yo'q qiling. 2. Fungitsidlar bilan urug'lik ishlov berish. 3. Tuproqni dezinfeksiya qiling.","Tiofanat-metil,Fludioksonil,Gumat preparatlari","Kasallikka chidamli navlarni tanlang. Ekin aylantirishni qo'llang. Sabzini 4-5 yil mobaynida bir joyda ekishdan saqlaning. Sifatli urug'lik ishlating."
57,sabzi_bakterioz,sabzi,"Sabzi bakteriozi","Xanthomonas carotae","O'rta","Bakterioz - bakteriyalar qo'zg'atadigan kasallik bo'lib, sabzi barglarini va ildizmevalarini zararlaydi. Kasallik yuqori namlikda rivojlanadi.","Barglarda suvga to'yingan, keyinchalik qo'ng'ir dog'lar paydo bo'ladi. Barglar qurib qoladi. Ildizmevada suvli, yumshoq dog'lar paydo bo'ladi.","1. Zararlangan o'simliklarni yo'q qiling. 2. Mis tarkibli preparatlar bilan ishlov bering. 3. Antibakterial preparatlar qo'llang.","Mis oksixlorid,Streptomitsin,Kalsiy nitrat","Kasallikka chidamli navlarni tanlang. Ekin aylantirishni qo'llang. Sabzini nam joylarda ekishdan saqlaning. Sifatli urug'lik ishlating."
58,sabzi_kapalak,sabzi,"Sabzi kapalagi","Papilio polyxenes","O'rta","Sabzi kapalagi - hasharot zararkunandasi, uning qurtlari sabzi barglari va gullari bilan oziqlanadi. Bir yilda 2-3 avlod berishi mumkin.","Barglarda katta teshiklar paydo bo'ladi. Barglarda yashil-qora qurtlar va ularning chiqindilari. Barglar to'liq yeyilishi mumkin.","1. Insektitsidlar bilan o'z vaqtida ishlov bering. 2. Qurtlarni qo'lda yig'ib oling. 3. Biologik kurash vositalari (Bacillus thuringiensis) qo'llang.","Kaliy sulfat,Organik o'g'itlar,Aminokislotali o'g'itlar","Ekin aylantirishni qo'llang. Sabzini piyoz bilan aralashtirish. Qushlarni jalb qiling. Sabzi kapalagi kapalagini tutish uchun sariq tutqichlar o'rnating."
59,tarvuz_antraknoz,tarvuz,"Tarvuz antraknozu","Colletotrichum orbiculare","Jiddiy","Antraknoz - zamburug' qo'zg'atadigan kasallik bo'lib, tarvuz barglarini, poyalarini va mevalarini zararlaydi. Kasallik nam va iliq ob-havoda rivojlanadi.","Barglarda qo'ng'ir-qora dog'lar paydo bo'ladi. Barglarda teshiklar hosil bo'ladi. Mevalarda botiq, qora dog'lar paydo bo'ladi. Mevalar chiriydi.","1. Fungitsidlar bilan o'z vaqtida ishlov bering. 2. Zararlangan o'simliklarni yo'q qiling. 3. Ekinlar orasida havo aylanishini ta'minlang.","Azoksistrobin,Mis oksixlorid,Mankoseb","Kasallikka chidamli navlarni tanlang. Ekin aylantirishni qo'llang. Tarvuzni 3-4 yil mobaynida bir joyda ekishdan saqlaning. Sifatli urug'lik ishlating."
60,tarvuz_fuzarioz,tarvuz,"Tarvuz fuzariozi","Fusarium oxysporum f.sp. niveum","Juda jiddiy","Fuzarioz - zamburug' qo'zg'atadigan kasallik bo'lib, tarvuz o'simligining poyasi va ildizlarini zararlaydi. Kasallik tuproq orqali tarqaladi.","O'simlik so'lib qoladi, ayniqsa issiq kunlarda. Poyaning pastki qismida qizg'ish-qo'ng'ir dog'lar paydo bo'ladi. Poyani kesib ko'rganda, ichki qismi qo'ng'ir rangga kirganini ko'rish mumkin.","1. Zararlangan o'simliklarni yo'q qiling. 2. Fungitsidlar bilan urug'lik ishlov berish. 3. Tuproqni dezinfeksiya qiling.","Tiofanat-metil,Fludioksonil,Trichoderma preparati","Kasallikka chidamli navlarni tanlang. Ekin aylantirishni qo'llang. Tarvuzni 7-8 yil mobaynida bir joyda ekishdan saqlaning. Sifatli urug'lik ishlating."
61,tarvuz_bakterioz,tarvuz,"Tarvuz bakterial dog'lanishi","Acidovorax avenae subsp. citrulli","Jiddiy","Bakterial dog'lanish - bakteriyalar qo'zg'atadigan kasallik bo'lib, tarvuz barglarini va mevalarini zararlaydi. Kasallik yuqori namlikda rivojlanadi.","Barglarda suvga to'yingan dog'lar paydo bo'ladi. Mevalarda qoramtir-yashil, qattiq dog'lar hosil bo'ladi. Og'ir holatlarda mevalar yoriladi va chiriydi.","1. Zararlangan o'simliklarni yo'q qiling. 2. Mis tarkibli preparatlar bilan ishlov bering. 3. Antibakterial preparatlar qo'llang.","Mis oksixlorid,Streptomitsin,Kalsiy nitrat","Kasallikka chidamli navlarni tanlang. Ekin aylantirishni qo'llang. Tomchilatib sug'orish usulidan foydalaning. Sifatli urug'lik ishlating."
62,tarvuz_o'rgimchakkana,tarvuz,"Tarvuz o'rgimchakkanasi","Tetranychus urticae","Jiddiy","O'rgimchakkana - mayda zararkunanda, u tarvuz barglaridan shira so'rib oziqlanadi. Issiq va quruq ob-havoda tez ko'payadi.","Barglarda sarg'ish dog'lar paydo bo'ladi. Barglar quriydi va to'kiladi. Barglar orasida mayda (0.5 mm) sariq-yashil kanalar va ularning to'rlari. Hosildorlik keskin pasayadi.","1. Akaritsidlar bilan ishlov bering. 2. Mineral moylar qo'llang. 3. Yirtqich kanalarni qo'yib yuborish orqali biologik kurash olib boring.","Kaliy sulfat,Magniy sulfat,Organik o'g'itlar","Ekin aylantirishni qo'llang. Yirtqich hasharotlarni jalb qiling. O'simliklarni muntazam sug'oring. O'simliklarni muntazam ko'rib turish."
63,qovun_fuzarioz,qovun,"Qovun fuzariozi","Fusarium oxysporum f.sp. melonis","Juda jiddiy","Fuzarioz - zamburug' qo'zg'atadigan kasallik bo'lib, qovun o'simligining poyasi va ildizlarini zararlaydi. Kasallik tuproq orqali tarqaladi.","O'simlik so'lib qoladi, ayniqsa issiq kunlarda. Poyaning pastki qismida qizg'ish-qo'ng'ir dog'lar paydo bo'ladi. Poyani kesib ko'rganda, ichki qismi qo'ng'ir rangga kirganini ko'rish mumkin.","1. Zararlangan o'simliklarni yo'q qiling. 2. Fungitsidlar bilan urug'lik ishlov berish. 3. Tuproqni dezinfeksiya qiling.","Tiofanat-metil,Fludioksonil,Trichoderma preparati","Kasallikka chidamli navlarni tanlang. Ekin aylantirishni qo'llang. Qovunni 7-8 yil mobaynida bir joyda ekishdan saqlaning. Sifatli urug'lik ishlating."
64,qovun_un_shudring,qovun,"Qovun un-shudringi","Sphaerotheca fuliginea","Jiddiy","Un-shudring - zamburug' qo'zg'atadigan kasallik bo'lib, qovun barglarida oq kukun kabi qoplam hosil qiladi. Kasallik issiq va quruq ob-havoda tez tarqaladi.","Barglarda oq kukun kabi qoplam paydo bo'ladi, keyinchalik barglar sarg'ayib qurib qoladi. Qoplam asta-sekin bargning butun yuzasini egallaydi va o'simlikning poyalari, gullariga ham o'tadi.","1. Biostimulyatorlar bilan ishlov bering. 2. Maxsus fungitsidlar (oltingugurt preparatlari) qo'llang. 3. Zararlangan qismlarni kesib tashlang.","Oltingugurt preparatlari,Triazol fungitsidlar,Kaliy sulfat","Kasallikka chidamli navlarni tanlang. Toklarni to'g'ri butang va bog'lang. Havo aylanishini ta'minlang. Ortiqcha azotli o'g'itlar qo'llashdan saqlaning."
65,qovun_bakterioz,qovun,"Qovun bakterial dog'lanishi","Pseudomonas syringae","Jiddiy","Bakterial dog'lanish - bakteriyalar qo'zg'atadigan kasallik bo'lib, qovun barglarini va mevalarini zararlaydi. Kasallik yuqori namlikda rivojlanadi.","Barglarda suvga to'yingan dog'lar paydo bo'ladi. Mevalarda qoramtir-yashil, qattiq dog'lar hosil bo'ladi. Og'ir holatlarda mevalar yoriladi va chiriydi.","1. Zararlangan o'simliklarni yo'q qiling. 2. Mis tarkibli preparatlar bilan ishlov bering. 3. Antibakterial preparatlar qo'llang.","Mis oksixlorid,Streptomitsin,Kalsiy nitrat","Kasallikka chidamli navlarni tanlang. Ekin aylantirishni qo'llang. Tomchilatib sug'orish usulidan foydalaning. Sifatli urug'lik ishlating."
66,makajo'xori_fuzarioz,makkajo'xori,"Makkajo'xori fuzariozi","Fusarium verticillioides","Jiddiy","Fuzarioz - zamburug' qo'zg'atadigan kasallik bo'lib, makkajo'xori so'talarini zararlaydi. Kasallik yuqori namlikda rivojlanadi.","So'talarda pushti-qizil mog'or paydo bo'ladi. Donlar chiriydi. So'tada zamburug' toksinlari to'planadi, bu juda xavfli.","1. Zararlangan so'talarni yo'q qiling. 2. Fungitsidlar bilan urug'lik ishlov berish. 3. Hosil yig'imidan so'ng dalani tozalash.","Tebukonazol,Fludioksonil,Trichoderma preparati","Kasallikka chidamli navlarni tanlang. Ekin aylantirishni qo'llang. Makkajo'xorini 2-3 yil mobaynida bir joyda ekishdan saqlaning. Sifatli urug'lik ishlating."
67,makajo'xori_kuyindi,makkajo'xori,"Makkajo'xori kuyindisi","Ustilago maydis","O'rta","Kuyindi - zamburug' qo'zg'atadigan kasallik bo'lib, makkajo'xori so'talari, barglari va poyasini zararlaydi. Kasallik sporalar orqali tarqaladi.","So'talar, barglar va poyada shish (gall) hosil bo'ladi. Galllar kattalashib, oq pardaga o'raladi. Keyinchalik parda yoriladi va qora sporalarga to'la massa paydo bo'ladi.","1. Zararlangan o'simliklarni yo'q qiling. 2. Fungitsidlar bilan urug'lik ishlov berish. 3. Hosil yig'imidan so'ng dalani tozalash.","Karboksim,Tebukonazol,Mikroelementli o'g'itlar","Kasallikka chidamli navlarni tanlang. Ekin aylantirishni qo'llang. Urug'lik materialini muntazam yangilab turing. Urug'larni dorilashni har yili o'tkazing."
68,makajo'xori_bakterioz,makkajo'xori,"Makkajo'xori bakterial chirishi","Erwinia stewartii","Jiddiy","Bakterial chirish - bakteriyalar qo'zg'atadigan kasallik bo'lib, makkajo'xori o'simligining barglarini va poyasini zararlaydi. Kasallik hasharotlar orqali tarqaladi.","Barglarda tomirlar bo'ylab sariq-yashil chiziqlar paydo bo'ladi. Barglar qurib qoladi. Poyadan sariq shilimshiq ajraladi. O'simlik qurib qoladi.","1. Zararlangan o'simliklarni yo'q qiling. 2. Insektitsidlar bilan ishlov bering (hasharotlarni yo'q qilish uchun). 3. Mis tarkibli preparatlar bilan ishlov bering.","Mis oksixlorid,Streptomitsin,Kalsiy nitrat","Kasallikka chidamli navlarni tanlang. Ekin aylantirishni qo'llang. Hasharotlarga qarshi kurashish. Sifatli urug'lik ishlating."
69,makajo'xori_zang,makkajo'xori,"Makkajo'xori zangi","Puccinia sorghi","O'rta","Zang - zamburug' qo'zg'atadigan kasallik bo'lib, makkajo'xori barglarini zararlaydi. Kasallik nam ob-havoda rivojlanadi.","Barglarda qizg'ish-jigarrang dog'lar paydo bo'ladi. Dog'lar rivojlanib, qo'ng'ir-qora pustulalarga aylanadi. Barglar qurib qoladi, hosildorlik pasayadi.","1. Fungitsidlar bilan o'z vaqtida ishlov bering. 2. Zararlangan o'simlik qismlarini yo'q qiling. 3. Triazol guruhiga mansub fungitsidlardan foydalaning.","Triazol fungitsidlar,Mikroelementli o'g'itlar,Kalsiy nitrat","Zangga chidamli navlarni ekish, havo aylanishini ta'minlash. Ekin aylantirishni qo'llang. Yovvoyi g'allasimon o'tlarni yo'q qiling."
70,makajo'xori_tunlam,makkajo'xori,"Makkajo'xori tunlami","Helicoverpa zea","Jiddiy","Tunlam - hasharot zararkunandasi, uning qurti makkajo'xori so'tasi bilan oziqlanadi. Bir yilda 2-3 avlod berishi mumkin.","So'talarda teshiklar paydo bo'ladi. So'ta ichida jigarrang qurtlar va ularning chiqindilari. So'ta zararlangan joyda mog'or rivojlanib, zaharli mikotksinlar paydo bo'ladi.","1. Insektitsidlar bilan o'z vaqtida ishlov bering. 2. Feromon tutqichlar o'rnating. 3. Biologik kurash vositalari (Trichogramma, Bacillus thuringiensis) qo'llang.","Organik o'g'itlar,Aminokislotali o'g'itlar,Kaliy sulfat","Ekin aylantirishni qo'llang. Trichogramma parazit arilarni qo'yib yuborish. Hosil yig'imidan so'ng dalani tozalash. Biologik kurash usullarini qo'llash."
71,guruch_pirkularioz,guruch,"Guruch pirkulariozi","Pyricularia oryzae","Juda jiddiy","Pirkularioz - zamburug' qo'zg'atadigan kasallik bo'lib, guruch barglarini, poyasini va boshoqlarini zararlaydi. Kasallik nam ob-havoda tez rivojlanadi.","Barglarda romb shaklidagi qo'ng'ir-qizil dog'lar paydo bo'ladi. Poyada qora dog'lar paydo bo'lib, boshoq sinib qolishi mumkin. Boshoqlarda qora dog'lar paydo bo'ladi, donlar to'liq rivojlanmaydi.","1. Fungitsidlar bilan o'z vaqtida ishlov bering. 2. Zararlangan o'simliklarni yo'q qiling. 3. Triazol va strobilurin guruhiga mansub fungitsidlardan foydalaning.","Triazol fungitsidlar,Strobilurin fungitsidlar,Silisiy preparatlari","Kasallikka chidamli navlarni tanlang. Azotli o'g'itlarni me'yorida qo'llang. Ekin zichligini optimal darajada saqlang. O'z vaqtida ekish va yig'im-terim."
72,guruch_bakterioz,guruch,"Guruch bakterial dog'lanishi","Xanthomonas oryzae","Jiddiy","Bakterial dog'lanish - bakteriyalar qo'zg'atadigan kasallik bo'lib, guruch barglarini zararlaydi. Kasallik yuqori namlikda rivojlanadi.","Barglarda tomirlar bo'ylab sarg'ish-yashil chiziqlar paydo bo'ladi. Keyinchalik chiziqlar kengayib, barglarni qoplaydi. Barglar sarg'ayib, qurib qoladi.","1. Zararlangan o'simliklarni yo'q qiling. 2. Mis tarkibli preparatlar bilan ishlov bering. 3. Urug'lik dezinfeksiyasi.","Mis oksixlorid,Streptomitsin,Kalsiy nitrat","Kasallikka chidamli navlarni tanlang. Sifatli urug'lik ishlating. Dalani suvdan chiqarib qo'yish (vaqti-vaqti bilan). Ekin aylantirishni qo'llang."
73,guruch_tunlam,guruch,"Guruch tunlami","Spodoptera mauritia","Jiddiy","Tunlam - hasharot zararkunandasi, uning qurti guruch o'simligi barglari bilan oziqlanadi. Bir yilda 3-4 avlod berishi mumkin.","Barglar chetidan yeyiladi. Barglarda qoramtir qurtlar va ularning chiqindilari. Barglar to'liq yeyilishi mumkin, hosildorlik keskin pasayadi.","1. Insektitsidlar bilan o'z vaqtida ishlov bering. 2. Dalani vaqti-vaqti bilan suvdan chiqarib, qurtlarni yo'q qilish. 3. Biologik kurash vositalari qo'llang.","Azotli o'g'itlar,Kaliy sulfat,Organik o'g'itlar","Ekin aylantirishni qo'llang. Dala atrofidagi begona o'tlarni yo'q qilish. O'rdaklar va qushlardan foydalanish (biologik kurash). Feromon tutqichlar o'rnatish."
74,guruch_zang,guruch,"Guruch zangi","Puccinia graminis f.sp. oryzae","O'rta","Zang - zamburug' qo'zg'atadigan kasallik bo'lib, guruch barglarini zararlaydi. Kasallik nam ob-havoda rivojlanadi.","Barglarda q25,uzum_mildyu,uzum,"Uzum mildiyu","Plasmopara viticola","Jiddiy","Mildyu - uzum tokining eng xavfli kasalliklaridan biri. Kasallik namlik yuqori bo'lganda tez rivojlanadi va butun hosildorlikka ta'sir qiladi.","Barglarda yog'simon dog'lar paydo bo'ladi, keyinchalik qo'ng'ir rangga aylanadi. Barglarning pastki tomonida oq mog'or paydo bo'ladi. Zararlangan barglar qurib to'kiladi.","1. Mis tarkibli preparatlar bilan ishlov bering. 2. Barglararo masofani oshirish uchun tokni butang. 3. Sug'orishni tartibga soling. 4. Sistematik fungitsidlardan foydalaning.","Mis sulfat,Kaliy fosfonat,Organik fungitsidlar","Havo aylanishini ta'minlash, ertalab sug'orish, barglarni ho'llamaslik. Kasallikka chidamli navlarni tanlang. Toklar orasida yetarli masofa qoldiring."
