o'simlik_id,tur,nomi,ilmiy_nomi,turi_guruh,tavsif,parvarish,foydalanish,mintaqa
1,pomidor,Pomidor,Solanum lycopersicum,sabzavot,"Pomidor - Solanaceae oilasiga mansub, qizil yoki sariq mevali sabzavot o'simligi.","Quyoshli joylarda o'sadi, mo''tadil sug'orishni talab qiladi, azotli o'g'itlar zarur.","Salatlarda, pishirishda, sooslarda keng ishlatiladi. C vitamini va likopin manbai.","O'zbekiston, Markaziy Osiyo"
2,bodring,Bodring,Cucumis sativus,poliz ekinlari,"Bodring - Cucurbitaceae oilasiga mansub, yashil mevali poliz ekinlaridan biri.","Quyoshli va issiq sharoitni sevadi, ko'p suv talab qiladi, organik o'g'itlar zarur.","Salatlarda, tuzlanadi, marinadlanadi. Tanada suvni yaxshi saqlaydi, kaloriyasi kam.","O'zbekiston, Markaziy Osiyo"
3,olma,Olma,Malus domestica,mevali daraxt,"Olma - Rosaceae oilasiga mansub, eng keng tarqalgan mevali daraxtlardan biri.","Quyoshli joylarda o'sadi, quruqchilikka chidamli, har yili kesilishi kerak.","Yangi holda iste'mol qilinadi, pishirishda, sharbat tayyorlashda ishlatiladi. C vitamini va antioksidantlar manbai.","O'zbekiston, Markaziy Osiyo"
4,kartoshka,Kartoshka,Solanum tuberosum,sabzavot,"Kartoshka - Solanaceae oilasiga mansub, yerosti tuganaklari iste'mol qilinadigan o'simlik.","Salqin iqlimni afzal ko'radi, yumshoq tuproqni talab qiladi, ko'p azot zarur.","Pishirib, qovurib, qaynatib iste'mol qilinadi. Kraxmal va kaliy manbai.","O'zbekiston, Markaziy Osiyo"
5,galla,G'alla,Triticum aestivum,don ekinlari,"G'alla - Poaceae oilasiga mansub, don ekinlaridan biri, asosan non tayyorlashda ishlatiladi.","Mo''tadil iqlimni sevadi, suvsizlikka chidamli, azot, fosfor va kaliy kerak.","Un, non, makaron mahsulotlari tayyorlashda qo'llaniladi. Oqsil va uglevod manbai.","O'zbekiston, Markaziy Osiyo"
6,uzum,Uzum,Vitis vinifera,mevali daraxt,"Uzum - Vitaceae oilasiga mansub, chirmashib o'suvchi ko'p yillik o'simlik.","Quyoshli joylarda o'sadi, muntazam kesilishi kerak, ohakli tuproqni sevadi.","Yangi holda iste'mol qilinadi, sharob, mayiz tayyorlashda ishlatiladi. Kaliy va antioksidantlar manbai.","O'zbekiston, Markaziy Osiyo"
7,lavlagi,Lavlagi,Beta vulgaris,sabzavot,"Lavlagi - Amaranthaceae oilasiga mansub, to'q qizil rangdagi ildizmevali o'simlik.","Salqinroq iqlimni afzal ko'radi, namlikni sevadi, kaliyli o'g'itlar zarur.","Salatlarda, pishirishda, sharbat tayyorlashda ishlatiladi. Temir va folat manbai.","O'zbekiston, Markaziy Osiyo"
8,shaftoli,Shaftoli,Prunus persica,mevali daraxt,"Shaftoli - Rosaceae oilasiga mansub, shirali mevali daraxt.","Quyoshli va issiq sharoitni sevadi, sovuqqa sezgir, yaxshi drenajga muhtoj.","Yangi holda iste'mol qilinadi, kompot, jam tayyorlashda ishlatiladi. A va C vitaminlari manbai.","O'zbekiston, Markaziy Osiyo"
9,nok,Nok,Pyrus communis,mevali daraxt,"Nok - Rosaceae oilasiga mansub, noksimon mevali daraxt.","Quyoshli joylarda o'sadi, namlikni sevadi, fosforli o'g'itlar kerak.","Yangi holda iste'mol qilinadi, kompot, jam tayyorlashda ishlatiladi. Kaliy va tolalar manbai.","O'zbekiston, Markaziy Osiyo"
10,piyoz,Piyoz,Allium cepa,sabzavot,"Piyoz - Amaryllidaceae oilasiga mansub, piyozli sabzavot turi.","Quyoshli joylarda o'sadi, muntazam sug'orishni talab qiladi, azotli o'g'itlar kerak.","Salatlarda, pishirishda keng ishlatiladi. Antioksidantlar va oltingugurt birikmalari manbai.","O'zbekiston, Markaziy Osiyo"
11,qalampir,Qalampir,Capsicum annuum,sabzavot,"Qalampir - Solanaceae oilasiga mansub, achchiq yoki shirin mevali sabzavot.","Issiq iqlimni sevadi, muntazam sug'orishga muhtoj, kaliyli o'g'itlar zarur.","Salatlarda, pishirishda, ziravor sifatida ishlatiladi. C vitamini manbai.","O'zbekiston, Markaziy Osiyo"
12,sabzi,Sabzi,Daucus carota,sabzavot,"Sabzi - Apiaceae oilasiga mansub, to'q zarg'aldoq rangdagi ildizmevali sabzavot.","O'rtacha quyosh, chuqur yumshoq tuproq va muntazam namlikni talab qiladi.","Salatlarda, pishirishda, sharbat tayyorlashda ishlatiladi. A vitamini va beta-karotin manbai.","O'zbekiston, Markaziy Osiyo"
13,karam,Karam,Brassica oleracea,sabzavot,"Karam - Brassicaceae oilasiga mansub, yaprog'i qalin, zich joylashgan sabzavot.","Salqin ob-havoni afzal ko'radi, namlikni sevadi, azot va fosfor zarur.","Salatlarda, pishirishda, marinad qilishda ishlatiladi. C vitamini va folat manbai.","O'zbekiston, Markaziy Osiyo"
14,baqlajon,Baqlajon,Solanum melongena,sabzavot,"Baqlajon - Solanaceae oilasiga mansub, to'q binafsha rangdagi mevali sabzavot.","Issiq iqlimni sevadi, qurg'oqchilikka chidamli, kaliyli o'g'itlar kerak.","Pishirishda, qovurishda ishlatiladi. Tolalar va antioksidantlar manbai.","O'zbekiston, Markaziy Osiyo"
15,tarvuz,Tarvuz,Citrullus lanatus,poliz ekinlari,"Tarvuz - Cucurbitaceae oilasiga mansub, shirali, suvi ko'p meva beradigan o'simlik.","Issiq iqlimni sevadi, ko'p quyosh va suv talab qiladi, fosfor va kaliy zarur.","Yangi holda iste'mol qilinadi. Suv, likopen va C vitamini manbai.","O'zbekiston, Markaziy Osiyo"
16,qovun,Qovun,Cucumis melo,poliz ekinlari,"Qovun - Cucurbitaceae oilasiga mansub, shirali va xushbo'y meva beradigan o'simlik.","Issiq va quruq iqlimni sevadi, qumli tuproqlarni afzal ko'radi.","Yangi holda iste'mol qilinadi. A, C vitaminlari va folat manbai.","O'zbekiston, Markaziy Osiyo"
17,anjir,Anjir,Ficus carica,mevali daraxt,"Anjir - Moraceae oilasiga mansub, shirali, shirin mevali daraxt yoki buta.","Issiq iqlimni sevadi, quruqchilikka chidamli, muntazam kesilishi kerak.","Yangi yoki quritilgan holda iste'mol qilinadi. Kalsiy va magniy manbai.","O'zbekiston, Markaziy Osiyo"
18,anor,Anor,Punica granatum,mevali daraxt,"Anor - Lythraceae oilasiga mansub, qizil rangli, doni ko'p mevali buta yoki daraxt.","Issiq iqlimni sevadi, quruqchilikka chidamli, ohakli tuproqlarni afzal ko'radi.","Yangi holda yoki sharbat tayyorlashda ishlatiladi. C vitamini va polifenollar manbai.","O'zbekiston, Markaziy Osiyo"
19,gilos,Gilos,Prunus avium,mevali daraxt,"Gilos - Rosaceae oilasiga mansub, shirin, qizil rangdagi mevali daraxt.","Quyoshli joylarda o'sadi, yaxshi drenajli tuproq zarur, sovuqqa chidamli.","Yangi holda yoki jam, sharbat tayyorlashda ishlatiladi. C vitamini va antioksidantlar manbai.","O'zbekiston, Markaziy Osiyo"
20,o'rik,O'rik,Prunus armeniaca,mevali daraxt,"O'rik - Rosaceae oilasiga mansub, to'q sariq rangdagi, shirali mevali daraxt.","Issiq iqlimni sevadi, qishki sovuqlardan himoya zarur, ohakli tuproqlarni afzal ko'radi.","Yangi holda, quritilgan holda, jam tayyorlashda ishlatiladi. A vitamini va karotin manbai.","O'zbekiston, Markaziy Osiyo"
21,xurmo,Xurmo,Diospyros kaki,mevali daraxt,"Xurmo - Ebenaceae oilasiga mansub, to'q zarg'aldoq rangdagi mevali daraxt.","Quyoshli joylarda o'sadi, namlikni sevadi, fosfor va kaliy zarur.","Yangi holda iste'mol qilinadi. A, C vitaminlari va tanin manbai.","O'zbekiston, Markaziy Osiyo"
22,limon,Limon,Citrus limon,mevali daraxt,"Limon - Rutaceae oilasiga mansub, nordon ta'mli, sariq rangdagi sitrusi mevali daraxt.","Issiq iqlimni sevadi, sovuqqa sezgir, kislotali tuproqlarni afzal ko'radi.","Salatlarda, ichimliklar, pishirishda ziravor sifatida ishlatiladi. C vitamini manbai.","O'zbekiston janubi, issiqxona"
23,apelsin,Apelsin,Citrus sinensis,mevali daraxt,"Apelsin - Rutaceae oilasiga mansub, shirin, to'q sariq rangdagi sitrusi mevali daraxt.","Issiq iqlimni sevadi, sovuqqa sezgir, kislotali tuproqlarni afzal ko'radi.","Yangi holda, sharbat tayyorlashda ishlatiladi. C vitamini va folat manbai.","O'zbekiston janubi, issiqxona"
24,mandarin,Mandarin,Citrus reticulata,mevali daraxt,"Mandarin - Rutaceae oilasiga mansub, shirin, po'sti oson ajraladigan sitrusi mevali daraxt.","Issiq iqlimni sevadi, sovuqqa sezgir, muntazam sug'orishni talab qiladi.","Yangi holda iste'mol qilinadi. C vitamini va flavonoidlar manbai.","O'zbekiston janubi, issiqxona"
25,nok,Nok,Pyrus communis,mevali daraxt,"Nok - Rosaceae oilasiga mansub, shirali, shirin mevali daraxt.","Quyoshli joylarda o'sadi, sovuqqa chidamli, chuqur tuproq zarur.","Yangi holda, pishirishda, sharbat tayyorlashda ishlatiladi. C vitamini va tolalar manbai.","O'zbekiston, Markaziy Osiyo"
26,behi,Behi,Cydonia oblonga,mevali daraxt,"Behi - Rosaceae oilasiga mansub, sariq rangdagi, xushbo'y mevali daraxt.","Quyoshli joylarda o'sadi, namlikni sevadi, quruqchilikka chidamli.","Murabbolar, kompotlar tayyorlashda ishlatiladi. C vitamini va pektin manbai.","O'zbekiston, Markaziy Osiyo"
27,yong'oq,Yong'oq,Juglans regia,yong'oqli daraxt,"Yong'oq - Juglandaceae oilasiga mansub, qattiq po'stli, mag'zi yeyiladigan mevali daraxt.","Chuqur tuproqni sevadi, katta joyni egallaydi, sovuqqa chidamli.","Qovurib, pishirishda, shirinliklar tayyorlashda ishlatiladi. Oqsil, yog', omega-3 manbai.","O'zbekiston, Markaziy Osiyo"
28,bodom,Bodom,Prunus dulcis,yong'oqli daraxt,"Bodom - Rosaceae oilasiga mansub, qattiq po'stli, mag'zi shirin mevali daraxt.","Issiq va quruq iqlimni sevadi, ohakli tuproqlarni afzal ko'radi, sovuqqa sezgir.","Qovurib, pishirishda, yog' olishda ishlatiladi. E vitamini va magniy manbai.","O'zbekiston, Markaziy Osiyo"
29,pista,Pista,Pistacia vera,yong'oqli daraxt,"Pista - Anacardiaceae oilasiga mansub, qattiq po'stli, mag'zi yeyiladigan mevali daraxt.","Issiq va quruq iqlimni sevadi, sho'rlangan tuproqlarda ham o'sa oladi.","Qovurib, pishirishda, shirinliklar tayyorlashda ishlatiladi. B vitamini va temir manbai.","O'zbekiston, Markaziy Osiyo"
30,yeryong'oq,Yeryong'oq,Arachis hypogaea,dukkakli,"Yeryong'oq - Fabaceae oilasiga mansub, yerosti mevasi yeyiladigan o'simlik.","Issiq iqlimni sevadi, yengil tuproqlarni afzal ko'radi, azot o'g'iti kerak emas.","Qovurib, pishirishda, yog' olishda ishlatiladi. Oqsil va B vitamini manbai.","O'zbekiston janubi"
31,rediska,Rediska,Raphanus sativus,sabzavot,"Rediska - Brassicaceae oilasiga mansub, qizil yoki oq ildizmevali sabzavot.","Salqin ob-havoni afzal ko'radi, tez o'sadi, yengil tuproq zarur.","Salatlarda yangi holda ishlatiladi. C vitamini va folat manbai.","O'zbekiston, Markaziy Osiyo"
32,gulkaram,Gulkaram,Brassica oleracea var. botrytis,sabzavot,"Gulkaram - Brassicaceae oilasiga mansub, oq rangdagi to'pguldor sabzavot.","Salqin ob-havoni afzal ko'radi, namlikni sevadi, muntazam o'g'itlashni talab qiladi.","Salatlarda, pishirishda ishlatiladi. C vitamini va K vitamini manbai.","O'zbekiston, Markaziy Osiyo"
33,brokoli,Brokoli,Brassica oleracea var. italica,sabzavot,"Brokoli - Brassicaceae oilasiga mansub, yashil rangdagi to'pguldor sabzavot.","Salqin ob-havoni afzal ko'radi, muntazam sug'orishni talab qiladi, azot zarur.","Salatlarda, pishirishda ishlatiladi. C vitamini va K vitamini manbai.","O'zbekiston, Markaziy Osiyo"
34,selderey,Selderey,Apium graveolens,sabzavot,"Selderey - Apiaceae oilasiga mansub, xushbo'y poyali sabzavot.","Namlikni sevadi, salqin ob-havoni afzal ko'radi, unumdor tuproq zarur.","Salatlarda, sho'rvalarda ishlatiladi. K vitamini va tolalar manbai.","O'zbekiston, Markaziy Osiyo"
35,turp,Turp,Raphanus sativus,sabzavot,"Turp - Brassicaceae oilasiga mansub, o'tkir ta'mli ildizmevali sabzavot.","Salqin ob-havoni afzal ko'radi, chuqur tuproqni sevadi, qishda ham o'sadi.","Salatlarda yangi holda ishlatiladi. C vitamini va antioksidantlar manbai.","O'zbekiston, Markaziy Osiyo"
36,ismaloq,Ismaloq,Spinacia oleracea,sabzavot,"Ismaloq - Amaranthaceae oilasiga mansub, yashil yaprog'li sabzavot.","Salqin ob-havoni afzal ko'radi, unumdor tuproq zarur, azot kerak.","Salatlarda, pishirishda ishlatiladi. A, C vitaminlari va temir manbai.","O'zbekiston, Markaziy Osiyo"
37,sarimsoq,Sarimsoq,Allium sativum,sabzavot,"Sarimsoq - Amaryllidaceae oilasiga mansub, o'tkir ta'mli piyozli sabzavot.","Sovuqqa chidamli, qishda ham o'sa oladi, yengil tuproqlarni afzal ko'radi.","Pishirishda ziravor sifatida ishlatiladi. Oltingugurt birikmalari va allitsin manbai.","O'zbekiston, Markaziy Osiyo"
38,ko'k_piyoz,Ko'k piyoz,Allium schoenoprasum,sabzavot,"Ko'k piyoz - Amaryllidaceae oilasiga mansub, o'tkir ta'mli ko'k yaprog'li sabzavot.","Namlikni sevadi, quyoshli joylarda o'sadi, azotli o'g'itlar zarur.","Salatlarda, pishirishda ziravor sifatida ishlatiladi. K vitamini va folat manbai.","O'zbekiston, Markaziy Osiyo"
39,petrushka,Petrushka,Petroselinum crispum,ko'katlar,"Petrushka - Apiaceae oilasiga mansub, xushbo'y ko'k yaprog'li o'simlik.","Mo''tadil quyosh, namlikni sevadi, muntazam o'g'itlashni talab qiladi.","Salatlarda, pishirishda ziravor sifatida ishlatiladi. C vitamini va temir manbai.","O'zbekiston, Markaziy Osiyo"
40,ukrop,Ukrop,Anethum graveolens,ko'katlar,"Ukrop - Apiaceae oilasiga mansub, xushbo'y ko'k yaprog'li o'simlik.","Quyoshli joylarda o'sadi, yengil tuproqlarni afzal ko'radi, tez o'sadi.","Salatlarda, marinad qilishda ziravor sifatida ishlatiladi. A vitamini va kaliy manbai.","O'zbekiston, Markaziy Osiyo"
41,reyhan,Reyhan,Ocimum basilicum,ko'katlar,"Reyhan - Lamiaceae oilasiga mansub, xushbo'y ko'k yaprog'li o'simlik.","Quyoshli joylarda o'sadi, issiq iqlimni sevadi, muntazam sug'orishni talab qiladi.","Salatlarda, pishirishda ziravor sifatida ishlatiladi. K vitamini va antioksidantlar manbai.","O'zbekiston, Markaziy Osiyo"
42,yalpiz,Yalpiz,Mentha,ko'katlar,"Yalpiz - Lamiaceae oilasiga mansub, xushbo'y, salqin ta'mli ko'k yaprog'li o'simlik.","Namlikni sevadi, quyoshli joylarda o'sadi, tez tarqaladi.","Ichimliklar, shirinliklar, pishirishda ziravor sifatida ishlatiladi. C vitamini va rux manbai.","O'zbekiston, Markaziy Osiyo"
43,kadi,Kadi,Lagenaria siceraria,poliz ekinlari,"Kadi - Cucurbitaceae oilasiga mansub, uzunchoq mevali poliz o'simligi.","Issiq iqlimni sevadi, quyoshli joylarda o'sadi, ko'p suv talab qiladi.","Pishirishda, ovqatlarda ishlatiladi. Tolalar va C vitamini manbai.","O'zbekiston, Markaziy Osiyo"
44,qovoq,Qovoq,Cucurbita,poliz ekinlari,"Qovoq - Cucurbitaceae oilasiga mansub, katta, dumaloq mevali poliz o'simligi.","Issiq iqlimni sevadi, katta joyni egallaydi, unumdor tuproq zarur.","Pishirishda, shirinliklar tayyorlashda ishlatiladi. A vitamini va karotin manbai.","O'zbekiston, Markaziy Osiyo"
45,kabachki,Kabachki,Cucurbita pepo,poliz ekinlari,"Kabachki - Cucurbitaceae oilasiga mansub, silindrsimon mevali poliz o'simligi.","Issiq iqlimni sevadi, quyoshli joylarda o'sadi, ko'p suv talab qiladi.","Pishirishda, qovurishda ishlatiladi. Folat va kaliy manbai.","O'zbekiston, Markaziy Osiyo"
46,makkajo'xori,Makkajo'xori,Zea mays,don ekinlari,"Makkajo'xori - Poaceae oilasiga mansub, so'tasi yeyiladigan don o'simligi.","Issiq iqlimni sevadi, ko'p quyosh va suv talab qiladi, azot zarur.","Pishirishda, un va kraxmal tayyorlashda ishlatiladi. B vitaminlari va magniy manbai.","O'zbekiston, Markaziy Osiyo"
47,tariq,Tariq,Panicum miliaceum,don ekinlari,"Tariq - Poaceae oilasiga mansub, mayda donli don o'simligi.","Quruqchilikka chidamli, azotga boy tuproqlarni sevadi, tez o'sadi.","Un, yorma tayyorlashda ishlatiladi. B vitaminlari va temir manbai.","O'zbekiston, Markaziy Osiyo"
48,guruch,Guruch,Oryza sativa,don ekinlari,"Guruch - Poaceae oilasiga mansub, oq donli don o'simligi.","Ko'p suv talab qiladi, issiq iqlimni sevadi, unumdor tuproq zarur.","Asosiy taom, desert tayyorlashda ishlatiladi. B vitaminlari va uglevod manbai.","O'zbekiston, Markaziy Osiyo"
49,arpa,Arpa,Hordeum vulgare,don ekinlari,"Arpa - Poaceae oilasiga mansub, qattiq donli don o'simligi.","Quruqchilikka chidamli, sovuqqa chidamli, tez o'sadi.","Yorma, pivoyoki chorva ozuqasi tayyorlashda ishlatiladi. B vitaminlari va tolalar manbai.","O'zbekiston, Markaziy Osiyo"
50,suli,Suli,Avena sativa,don ekinlari,"Suli - Poaceae oilasiga mansub, yumshoq donli don o'simligi.","Salqin iqlimni afzal ko'radi, namlikni sevadi, kislotali tuproqlarni ham ko'taradi.","Yorma, non tayyorlashda ishlatiladi. B vitaminlari va tolalar manbai.","O'zbekiston, Markaziy Osiyo"
51,soya,Soya,Glycine max,dukkakli,"Soya - Fabaceae oilasiga mansub, oqsili yuqori dukkakli o'simlik.","Issiq iqlimni sevadi, unumdor tuproq zarur, azot o'g'iti kerak emas.","Pishirishda, sut va yogurt mahsulotlari tayyorlashda ishlatiladi. Oqsil va temir manbai.","O'zbekiston, Markaziy Osiyo"
52,loviya,Loviya,Phaseolus vulgaris,dukkakli,"Loviya - Fabaceae oilasiga mansub, doni yeyiladigan dukkakli o'simlik.","Mo''tadil iqlimni sevadi, quyoshli joylarda o'sadi, namlikni sevadi.","Pishirishda, salatlarda ishlatiladi. Oqsil va tolalar manbai.","O'zbekiston, Markaziy Osiyo"
53,no'xat,No'xat,Cicer arietinum,dukkakli,"No'xat - Fabaceae oilasiga mansub, dumaloq donli dukkakli o'simlik.","Quruqchilikka chidamli, issiq iqlimni sevadi, azot o'g'iti kerak emas.","Pishirishda, salatlarda ishlatiladi. Oqsil va folat manbai.","O'zbekiston, Markaziy Osiyo"
54,mosh,Mosh,Vigna radiata,dukkakli,"Mosh - Fabaceae oilasiga mansub, yashil donli dukkakli o'simlik.","Issiq iqlimni sevadi, unumdor tuproq zarur, tez o'sadi.","Pishirishda, ko'za tayyorlashda ishlatiladi. Oqsil va temir manbai.","O'zbekiston, Markaziy Osiyo"
55,beda,Beda,Medicago sativa,dukkakli,"Beda - Fabaceae oilasiga mansub, chorva ozuqasi sifatida yetishtiriladigan ko'p yillik o'simlik.","Sovuqqa chidamli, suvsizlikka chidamli, azot o'g'iti kerak emas.","Chorva ozuqasi, tuproq boyitish uchun ishlatiladi. Oqsil va kalsiy manbai.","O'zbekiston, Markaziy Osiyo"
56,terak,Terak,Populus,manzarali daraxt,"Terak - Salicaceae oilasiga mansub, baland, tez o'suvchi manzarali daraxt.","Namlikni sevadi, tez o'sadi, har xil tuproqlarda o'sa oladi.","Shamoldan himoya, ko'kalamzorlashtirish, qurilish materiallari olishda ishlatiladi.","O'zbekiston, Markaziy Osiyo"
57,qayin,Qayin,Betula,manzarali daraxt,"Qayin - Betulaceae oilasiga mansub, oq po'stli manzarali daraxt.","Sovuqqa chidamli, quyoshli joylarda o'sadi, har xil tuproqlarda o'sa oladi.","Ko'kalamzorlashtirish, qurilish materiallari olishda ishlatiladi.","O'zbekiston, Markaziy Osiyo"
58,tol,Tol,Salix,manzarali daraxt,"Tol - Salicaceae oilasiga mansub, soyabonsimon shoxli manzarali daraxt.","Namlikni sevadi, daryo bo'ylarida yaxshi o'sadi, tez o'sadi.","Ko'kalamzorlashtirish, to'qimachilik buyumlari tayyorlashda ishlatiladi.","O'zbekiston, Markaziy Osiyo"
59,chinor,Chinor,Platanus,manzarali daraxt,"Chinor - Platanaceae oilasiga mansub, baland, keng shoxli manzarali daraxt.","Uzun umr ko'radi, qurg'oqchilikka chidamli, keng joyni egallaydi.","Ko'kalamzorlashtirish, soya berish, qurilish materiallari olishda ishlatiladi.","O'zbekiston, Markaziy Osiyo"
60,zarang,Zarang,Acer,manzarali daraxt,"Zarang - Sapindaceae oilasiga mansub, kuzda barglari qizil tusga kiradigan manzarali daraxt.","Sovuqqa chidamli, quyoshli joylarda o'sadi, unumdor tuproq zarur.","Ko'kalamzorlashtirish, mebel tayyorlashda ishlatiladi.","O'zbekiston, Markaziy Osiyo"
61,kashtan,Kashtan,Castanea,manzarali daraxt,"Kashtan - Fagaceae oilasiga mansub, yirik bargji, yeyiladigan mevalari bo'lgan daraxt.","Sovuqqa chidamli, chuqur tuproqni sevadi, keng soyali.","Ko'kalamzorlashtirish, mevasi iste'mol qilinadi, qurilish uchun ishlatiladi.","O'zbekiston, Markaziy Osiyo"
62,archa,Archa,Juniperus,manzarali daraxt,"Archa - Cupressaceae oilasiga mansub, ignabargli, doim yashil daraxt yoki buta.","Quruqchilikka chidamli, sovuqqa chidamli, har xil tuproqlarda o'sa oladi.","Ko'kalamzorlashtirish, dorivororlik, dorivor moyi olishda ishlatiladi.","O'zbekiston, Markaziy Osiyo"
63,qarag'ay,Qarag'ay,Pinus,manzarali daraxt,"Qarag'ay - Pinaceae oilasiga mansub, ignabargli, doim yashil manzarali daraxt.","Qumli tuproqlarni sevadi, quruqchilikka chidamli, quyoshli joylarda o'sadi.","Ko'kalamzorlashtirish, qurilish materiallari, qatron olishda ishlatiladi.","O'zbekiston, Markaziy Osiyo"
64,jiyda,Jiyda,Elaeagnus angustifolia,mevali daraxt,"Jiyda - Elaeagnaceae oilasiga mansub, mayda, shirin mevali daraxt.","Quruqchilikka chidamli, sho'rxoklarda ham o'sa oladi, tez o'sadi.","Mevasi iste'mol qilinadi, dorivoror, shakar kasalligida foydali.","O'zbekiston, Markaziy Osiyo"
65,tut,Tut,Morus,mevali daraxt,"Tut - Moraceae oilasiga mansub, shirin mevali, keng shoxli daraxt.","Quruqchilikka chidamli, uzun umr ko'radi, har xil tuproqlarda o'sa oladi.","Mevasi iste'mol qilinadi, ipak qurti boqishda, keng soya berish uchun qo'llaniladi.","O'zbekiston, Markaziy Osiyo"
66,zira,Zira,Cuminum cyminum,ziravor,"Zira - Apiaceae oilasiga mansub, urug'i ziravor sifatida ishlatiladigan bir yillik o'simlik.","Issiq iqlimni sevadi, quruqchilikka chidamli, unumdor tuproq zarur.","Ovqatlarda ziravor sifatida, dorivor, hazm qilishni yaxshilashda ishlatiladi.","O'zbekiston, Markaziy Osiyo"
67,kunjut,Kunjut,Sesamum indicum,yog'li o'simlik,"Kunjut - Pedaliaceae oilasiga mansub, mayda urug'laridan yog' olinadigan o'simlik.","Issiq iqlimni sevadi, qurg'oqchilikka chidamli, yengil tuproqlarni afzal ko'radi.","Urug'i non mahsulotlarida, yogurt tayyorlashda, yog'i oshpazlikda ishlatiladi.","O'zbekiston, Markaziy Osiyo"
68,maxsar,Maxsar,Carthamus tinctorius,yog'li o'simlik,"Maxsar - Asteraceae oilasiga mansub, urug'idan yog' olinadigan bir yillik o'simlik.","Quruqchilikka chidamli, issiq iqlimni sevadi, yengil tuproqlarni afzal ko'radi.","Urug'idan yog' olishda, oziq-ovqat, kosmetikada ishlatiladi.","O'zbekiston, Markaziy Osiyo"
69,paxta,Paxta,Gossypium,texnik o'simlik,"Paxta - Malvaceae oilasiga mansub, tolasi olinadigan muhim texnik o'simlik.","Issiq iqlimni sevadi, ko'p quyosh talab qiladi, ko'p suv sarflaydi.","Tolasidan ip, gazlama, urug'idan yog' olishda, chorva uchun ozuqa sifatida ishlatiladi.","O'zbekiston, Markaziy Osiyo"
70,kanop,Kanop,Hibiscus cannabinus,texnik o'simlik,"Kanop - Malvaceae oilasiga mansub, poyasidan tola olinadigan bir yillik o'simlik.","Issiq iqlimni sevadi, ko'p namlik talab qiladi, unumdor tuproq zarur.","Tolasidan arqon, qop, poyasidan yem-xashak tayyorlashda ishlatiladi.","O'zbekiston, Markaziy Osiyo"
71,olcha,Olcha,Prunus cerasus,mevali daraxt,"Olcha - Rosaceae oilasiga mansub, nordon ta'mli, qizil mevali daraxt.","Sovuqqa chidamli, quyoshli joylarda o'sadi, unumdor tuproq zarur.","Mevasi yangi holda, kompot, murobbolar tayyorlashda ishlatiladi.","O'zbekiston, Markaziy Osiyo"
72,olxo'ri,Olxo'ri,Prunus domestica,mevali daraxt,"Olxo'ri - Rosaceae oilasiga mansub, shirin, ko'k yoki qizil mevali daraxt.","Sovuqqa chidamli, quyoshli joylarda o'sadi, namlikni sevadi.","Mevasi yangi holda, quruq meva tayyorlashda, kompot, jam tayyorlashda ishlatiladi.","O'zbekiston, Markaziy Osiyo"
73,malina,Malina,Rubus idaeus,rezavor meva,"Malina - Rosaceae oilasiga mansub, qizil rezavor mevali buta.","Sovuqqa chidamli, yarim soyada o'sa oladi, namlikni sevadi.","Yangi holda iste'mol qilinadi, jam, kompot tayyorlashda ishlatiladi.","O'zbekiston, Markaziy Osiyo"
74,qulupnay,Qulupnay,Fragaria,rezavor meva,"Qulupnay - Rosaceae oilasiga mansub, qizil, shirin rezavor meva.","Quyoshli joylarda o'sadi, yetarli namlik talab qiladi, unumdor tuproq zarur.","Yangi holda iste'mol qilinadi, murobbolar, desert tayyorlashda ishlatiladi.","O'zbekiston, Markaziy Osiyo"
75,smorodina,Smorodina,Ribes,rezavor meva,"Smorodina - Grossulariaceae oilasiga mansub, qora yoki qizil rezavor mevali buta.","Sovuqqa chidamli, yarim soyada o'sa oladi, namlikni sevadi.","Yangi holda iste'mol qilinadi, jam, shirinliklar tayyorlashda ishlatiladi.","O'zbekiston, Markaziy Osiyo"
76,qorag'at,Qorag'at,Ribes nigrum,rezavor meva,"Qorag'at - Grossulariaceae oilasiga mansub, qora rezavor mevali buta.","Sovuqqa chidamli, unumdor tuproq zarur, namlikni sevadi.","Yangi holda iste'mol qilinadi, shirinliklar, ichimliklar tayyorlashda ishlatiladi.","O'zbekiston, Markaziy Osiyo"
77,brusnika,Brusnika,Vaccinium vitis-idaea,rezavor meva,"Brusnika - Ericaceae oilasiga mansub, qizil rezavor mevali past buta.","Sovuqqa chidamli, kislotali tuproqlarni afzal ko'radi, yarim soyada o'sa oladi.","Yangi holda iste'mol qilinadi, jam, ichimliklar tayyorlashda ishlatiladi.","O'zbekiston, tog'li hududlar"
78,chernika,Chernika,Vaccinium myrtillus,rezavor meva,"Chernika - Ericaceae oilasiga mansub, ko'k-qora rezavor mevali past buta.","Sovuqqa chidamli, kislotali tuproqlarni afzal ko'radi, yarim soyada o'sa oladi.","Yangi holda iste'mol qilinadi, shirinliklar, ichimliklar tayyorlashda ishlatiladi.","O'zbekiston, tog'li hududlar"
79,klyukva,Klyukva,Vaccinium oxycoccos,rezavor meva,"Klyukva - Ericaceae oilasiga mansub, qizil nordon rezavor mevali past buta.","Sovuqqa chidamli, kislotali tuproqlarni afzal ko'radi, namlikni sevadi.","Yangi holda iste'mol qilinadi, mors, ichimliklar tayyorlashda ishlatiladi.","O'zbekiston, tog'li hududlar"
80,qizilcha,Qizilcha,Beta vulgaris,sabzavot,"Qizilcha - Amaranthaceae oilasiga mansub, qizil ildizmevali sabzavot.","Sovuqqa chidamli, unumdor tuproq zarur, ko'p namlikni talab qiladi.","Pishirishda, salatlarda, sharbat tayyorlashda ishlatiladi.","O'zbekiston, Markaziy Osiyo"
81,bangidevona,Bangidevona,Datura stramonium,zaharli o'simlik,"Bangidevona - Solanaceae oilasiga mansub, zaharli, oq gulli o'simlik.","Har xil tuproqlarda o'sa oladi, quruqchilikka chidamli, begona o't sifatida o'sadi.","Dorivor, lekin juda zaharli, faqat shifokorlar nazoratida ishlatiladi.","O'zbekiston, Markaziy Osiyo"
82,sachratqi,Sachratqi,Cichorium intybus,dorivor o'simlik,"Sachratqi - Asteraceae oilasiga mansub, ko'k gulli ko'p yillik dorivor o'simlik.","Har xil tuproqlarda o'sa oladi, quruqchilikka chidamli, yo'l bo'ylarida ko'p uchraydi.","Dorivor, jigar kasalliklarida, salatlarda ishlatiladi.","O'zbekiston, Markaziy Osiyo"
83,na'matak,Na'matak,Rosa canina,dorivor o'simlik,"Na'matak - Rosaceae oilasiga mansub, qizil mevalari dorivor bo'lgan tikanli buta.","Quruqchilikka chidamli, har xil tuproqlarda o'sa oladi, quyoshli joylarda o'sadi.","Mevasi sharbat, damlamalar tayyorlashda, C vitamini manbai sifatida ishlatiladi.","O'zbekiston, Markaziy Osiyo"
84,dalachoy,Dalachoy,Hypericum perforatum,dorivor o'simlik,"Dalachoy - Hypericaceae oilasiga mansub, sariq gulli ko'p yillik dorivor o'simlik.","Har xil tuproqlarda o'sa oladi, quruqchilikka chidamli, quyoshli joylarda o'sadi.","Dorivor, asab kasalliklarida, damlamalar tayyorlashda ishlatiladi.","O'zbekiston, Markaziy Osiyo"
85,moychechak,Moychechak,Matricaria chamomilla,dorivor o'simlik,"Moychechak - Asteraceae oilasiga mansub, oq gulli dorivor o'simlik.","Har xil tuproqlarda o'sa oladi, tez o'sadi, quyoshli joylarda o'sadi.","Dorivor, oshqozon-ichak kasalliklarida, teri muammolarida ishlatiladi.","O'zbekiston, Markaziy Osiyo"
86,zubturum,Zubturum,Plantago major,dorivor o'simlik,"Zubturum - Plantaginaceae oilasiga mansub, keng yaprog'li dorivor o'simlik.","Har xil tuproqlarda o'sa oladi, namlikni sevadi, yo'l bo'ylarida ko'p uchraydi.","Dorivor, yaralarni davolashda, yo'tal, nafas yo'llari kasalliklarida ishlatiladi.","O'zbekiston, Markaziy Osiyo"
87,qirqbo'g'im,Qirqbo'g'im,Equisetum,dorivor o'simlik,"Qirqbo'g'im - Equisetaceae oilasiga mansub, qadimiy dorivor o'simlik.","Namlikni sevadi, soyali joylarda o'sadi, tuproq muhitini tanlamaydi.","Dorivor, siydik haydovchi, buyrak kasalliklarida ishlatiladi.","O'zbekiston, Markaziy Osiyo"
88,isiriq,Isiriq,Peganum harmala,dorivor o'simlik,"Isiriq - Nitrariaceae oilasiga mansub, oq gulli dorivor o'simlik.","Quruqchilikka chidamli, sho'rlangan tuproqlarda ham o'sa oladi, issiq iqlimni sevadi.","Dorivor, tutatqi tayyorlashda, xalq tabobatida ishlatiladi.","O'zbekiston, Markaziy Osiyo"
89,gazanda,Gazanda,Urtica dioica,dorivor o'simlik,"Gazanda - Urticaceae oilasiga mansub, kuydiruvchi tukli dorivor o'simlik.","Unumdor tuproqlarda yaxshi o'sadi, soyali joylarda o'sa oladi, azotga boy tuproqni sevadi.","Dorivor, qon to'xtatishda, oziq-ovqatda, sochlar parvarishida ishlatiladi.","O'zbekiston, Markaziy Osiyo"
90,ravoch,Ravoch,Rheum,dorivor o'simlik,"Ravoch - Polygonaceae oilasiga mansub, yo'g'on poyali, nordon ta'mli o'simlik.","Unumdor tuproq sevadi, namlikni xush ko'radi, sovuqqa chidamli.","Yangi poyasi iste'mol qilinadi, dorivor, kompot, piroglar tayyorlashda ishlatiladi.","O'zbekiston, Markaziy Osiyo"
91,qalampirmunchoq,Qalampirmunchoq,Capsicum annuum,sabzavot,"Qalampirmunchoq - Solanaceae oilasiga mansub, mayda, juda achchiq mevali sabzavot.","Issiq iqlimni sevadi, quyoshli joylarda o'sadi, muntazam sug'orishni talab qiladi.","Ovqatlarga ziravor sifatida, o'tkir ta'mi uchun ishlatiladi.","O'zbekiston, Markaziy Osiyo"
92,chaman_guli,Chaman guli,Calendula officinalis,manzarali gul,"Chaman guli - Asteraceae oilasiga mansub, to'q sariq yoki zarg'aldoq rangli manzarali va dorivor gul.","Quyoshli joylarda o'sadi, quruqchilikka chidamli, unchalik unumdor bo'lmagan tuproqlarda ham o'sa oladi.","Manzarali, dorivor, kosmetikada, teri kasalliklarini davolashda ishlatiladi.","O'zbekiston, Markaziy Osiyo"
93,nastarin,Nastarin,Syringa,manzarali buta,"Nastarin - Oleaceae oilasiga mansub, xushbo'y manzarali gullari bo'lgan buta.","Quyoshli joylarda o'sadi, sovuqqa chidamli, har xil tuproqlarda o'sa oladi.","Manzarali, bog'dorchilikda, parfyumeriyada ishlatiladi.","O'zbekiston, Markaziy Osiyo"
94,atirgul,Atirgul,Rosa,manzarali gul,"Atirgul - Rosaceae oilasiga mansub, xushbo'y gullari bo'lgan tikanli buta.","Quyoshli joylarda o'sadi, muntazam kesishni talab qiladi, unumdor tuproq zarur.","Manzarali, parfyumeriyada, gulqaynatma, kosmetika tayyorlashda ishlatiladi.","O'zbekiston, Markaziy Osiyo"
95,lola,Lola,Tulipa,manzarali gul,"Lola - Liliaceae oilasiga mansub, bahor faslida ochiluvchi gul.","Quyoshli joylarda o'sadi, sovuqqa chidamli, drenajli tuproqni sevadi.","Manzarali, gulchilikda, bog'dorchilikda ishlatiladi.","O'zbekiston, Markaziy Osiyo"
96,binafsha,Binafsha,Viola,manzarali gul,"Binafsha - Violaceae oilasiga mansub, mayda, binafsha rangdagi gullari bo'lgan o'simlik.","Yarim soyada o'sa oladi, namlikni sevadi, unumdor tuproq zarur.","Manzarali, dorivor, parfyumeriyada ishlatiladi.","O'zbekiston, Markaziy Osiyo"
97,oleandra,Oleandra,Nerium oleander,manzarali gul,"Oleandra - Apocynaceae oilasiga mansub, chiroyli gullari bo'lgan, ammo zaharli o'simlik.","Issiq iqlimni sevadi, quruqchilikka chidamli, quyoshli joylarda o'sadi.","Manzarali, bog'dorchilikda ishlatiladi, lekin zaharli.","O'zbekiston janubi"
98,gortenziya,Gortenziya,Hydrangea,manzarali gul,"Gortenziya - Hydrangeaceae oilasiga mansub, yirik, sharsimom gullari bo'lgan manzarali buta.","Yarim soyada o'sa oladi, namlikni sevadi, kislotali tuproqlarni afzal ko'radi.","Manzarali, bog'dorchilikda, gulchilikda ishlatiladi.","O'zbekiston, Markaziy Osiyo"
99,kaktus,Kaktus,Cactaceae,sukkulentlar,"Kaktus - Cactaceae oilasiga mansub, suv to'plovchi, tikanlari bo'lgan o'simliklar oilasi.","Quruqchilikka chidamli, kam sug'orishni talab qiladi, quyoshli joylarda o'sadi.","Manzarali, xonaki o'simlik sifatida, ba'zi turlari mevasi uchun ishlatiladi.","O'zbekiston, issiqxona"
100,aloe,Aloe,Aloe vera,sukkulentlar,"Aloe - Asphodelaceae oilasiga mansub, qalin, sersuv bargli dorivor o'simlik.","Quruqchilikka chidamli, kam sug'orishni talab qiladi, quyoshli joylarda o'sadi.","Dorivor, kosmetikada, teri muammolarini davolashda ishlatiladi.","O'zbekiston, issiqxona"
101,bambuk,Bambuk,Bambusoideae,manzarali o'simlik,"Bambuk - Poaceae oilasiga mansub, tez o'suvchi, poyasi qattiq o'simlik.","Namlikni sevadi, issiq iqlimni afzal ko'radi, unumdor tuproq zarur.","Qurilish materiallari, mebel tayyorlash, manzarali o'simlik sifatida ishlatiladi.","O'zbekiston, issiqxona"
102,evkalipt,Evkalipt,Eucalyptus,dorivor daraxt,"Evkalipt - Myrtaceae oilasiga mansub, xushbo'y hidli, tez o'suvchi daraxt.","Issiq iqlimni sevadi, quruqchilikka chidamli, quyoshli joylarda o'sadi.","Dorivor, efir moyi, parfyumeriya, qurilish materiallari olishda ishlatiladi.","O'zbekiston janubi, issiqxona"
103,palma,Palma,Arecaceae,manzarali daraxt,"Palma - Arecaceae oilasiga mansub, tropik va subtropik iqlimda o'suvchi daraxt.","Issiq iqlimni sevadi, quyoshli joylarda o'sadi, namlikni sevadi.","Manzarali, meva olish, yog' olish, qurilish materiallari sifatida ishlatiladi.","O'zbekiston janubi, issiqxona"
104,magnoliya,Magnoliya,Magnolia,manzarali daraxt,"Magnoliya - Magnoliaceae oilasiga mansub, chiroyli, yirik gulli manzarali daraxt.","Issiq iqlimni afzal ko'radi, yarim soyada o'sa oladi, chuqur tuproq zarur.","Manzarali, bog'dorchilikda, parfyumeriyada ishlatiladi.","O'zbekiston, issiqxona"
105,marvaridgul,Marvaridgul,Convallaria majalis,manzarali gul,"Marvaridgul - Asparagaceae oilasiga mansub, oq, qo'ng'iroqsimon gullari bo'lgan o'simlik.","Yarim soyada o'sa oladi, namlikni sevadi, unumdor tuproq zarur.","Manzarali, dorivor, parfyumeriyada ishlatiladi, lekin zaharli.","O'zbekiston, Markaziy Osiyo"